occurrenceID,institutionCode,year,month,day,stateProvince,county,locality,decimalLatitude,decimalLongitude
24ade02c-49c6-4000-96b2-c231c7dcc70a,NY,2011,8,28,New York,Bronx Co.,"Bronx, W side of Mosholu Parkway, between Marion Ave. and Webster Ave20",40.87,-73.8811
454d14b4-760a-4e0b-be81-5ccab40cadfa,NY,,,,New York,Queens Co.,,40.6989,-73.7887
351c0f2d-d066-4b2d-8243-881c66f83264,NY,,,,New York,Queens Co.,,40.6989,-73.7887
0130fdb4-e5e8-43c2-a585-7e2d3cfd51fd,NY,1864,9,17,New York,Queens Co.,,40.6989,-73.7887
351c0f2d-d066-4b2d-8243-881c66f83264,NY,,,,New York,Queens Co.,,40.6989,-73.789
79c5c887-ab2c-4a20-a9cd-ff1495691515,NY,1933,7,20,New York,Bronx Co.,Pelham Bay Park,40.8699,-73.8029
b6b70425-ebd7-4358-9df6-1d00d22513ee,NY,,,,New York,Queens Co.,N.Y. Parental School,40.7354,-73.817
b6b70425-ebd7-4358-9df6-1d00d22513ee,NY,,,,New York,Queens Co.,N.Y. Parental School,40.7354,-73.8171
c7599d67-e47c-44ad-9bbe-0d0b8f3eac6e,NY,,,,New York,Queens Co.,N.Y. Parental School,40.7354,-73.8171
3aa992a6-5188-44f3-862f-af7d7f4d4bca,NY,,,,New York,Queens Co.,N.Y. Parental School,40.7354,-73.8171
297fd6dc-989a-4d85-868b-1c46681eacbe,NY,1922,9,18,New York,Queens Co.,,40.7654,-73.8174
e6ac80a1-c50a-4f7f-9edb-89f1700b6de7,NY,1922,9,18,New York,Queens Co.,Long Island,40.7654,-73.8174
cc1b3853-1492-4df6-a27d-70e245d43e6c,NY,1923,6,2,New York,Queens Co.,Long Island,40.7654,-73.8174
0591598a-5892-4a84-816e-d3c31b0a73bd,NY,1936,10,,New York,Queens Co.,Kissena Park,40.7654,-73.8174
6955675d-f984-437f-814e-45f02ffadde7,NY,,,,New York,Queens Co.,Kissena Park,40.7654,-73.8174
6b008967-ed89-4560-940b-f64a4acf51d0,NY,1937,10,31,New York,Queens Co.,,40.6161,-73.8237
dd6611f6-90a9-4b36-a396-51186baacb3f,NY,1937,10,31,New York,Queens Co.,,40.6161,-73.8237
1bb30b08-10b7-49f5-badb-b8ab46f00212,NY,1973,5,12,New York,Queens Co.,,40.6161,-73.8237
166ec1cd-9d2d-44c8-bd4f-62f3819ca6f0,NY,1973,10,1,New York,Queens Co.,,40.6161,-73.8237
62bd4416-9c56-4f72-93c8-076e29756c9e,NY,1973,11,6,New York,Queens Co.,,40.6161,-73.8237
d77ca17e-7ffa-4fe7-a2cd-2176df976bf5,NY,1976,4,18,New York,Queens Co.,,40.6161,-73.8237
26d4a0a9-e789-48c0-a7d9-c49e1536bf05,NY,1978,,,New York,Queens Co.,Long Island,40.7819,-73.8403
c2812848-9b48-436b-90f5-8f087459ffe8,NY,,,,New York,Queens Co.,Long Island,40.7819,-73.8403
746bbc85-3a83-4db1-9e19-406a9dd79d8d,NY,1891,5,26,New York,Bronx Co.,,40.8571,-73.8507
1e395bad-46ff-43ba-af02-1251f711b511,NY,1976,6,2,New York,Bronx Co.,,40.85,-73.866
6294f6f5-d6a1-434c-b3b1-627e55c5fa35,NY,1976,5,31,New York,Bronx Co.,,40.85,-73.866
e91d4422-a8a7-43e3-bb9f-92f4f11bfcb3,NY,1973,11,10,New York,Bronx Co.,along Mosholu Parkway,40.85,-73.866
eb9fcfb9-ec2b-4887-b13a-7dfc64b8c5f2,NY,1976,6,2,New York,Bronx Co.,,40.85,-73.866
76372032-01b3-464b-ab5e-1f6bfc913193,NY,1976,6,2,New York,Bronx Co.,,40.85,-73.866
16a9a131-69bd-4ed8-94a3-8174640abf68,NY,1976,10,16,New York,Bronx Co.,,40.85,-73.866
41249b0b-0380-400f-8543-5125fb3e316f,NY,1976,5,31,New York,Bronx Co.,Corner of Mosholu Pkway. and Southern Blvd.,40.85,-73.866
301bde7c-c0f0-4941-9c3f-2fffbaf86143,NY,1974,9,23,New York,Bronx Co.,Lehman College,40.85,-73.8662
01b7ffb8-e8c4-4ca6-895e-bbed38bdc698,NY,1891,5,24,New York,Bronx Co.,Lower Jerome Ave,40.85,-73.8662
ec669e77-e44a-410e-b8ac-aadcd2e220d9,NY,1973,11,10,New York,Bronx Co.,Along Mosholu Parkway,40.85,-73.8662
102f66de-d75d-49a3-b490-159d480aa94a,NY,,,,New York,Bronx Co.,,40.85,-73.8662
4a424258-f00f-4327-855f-2bb5f7ce5bc8,NY,1891,5,10,New York,Bronx Co.,along the railroad at Williams Bridge (Bronx Park),40.85,-73.8662
c543f3ec-8974-4101-b9d3-487d4fbf82af,NY,1906,5,10,New York,Bronx Co.,N.Y. Botanical Garden,40.85,-73.8662
a585045a-8793-4e20-b204-6fe42dc5494b,NY,1906,5,10,New York,Bronx Co.,N.Y.B.G.,40.85,-73.8662
0faa4c68-8d5f-41a3-bf5e-06738bba71a7,NY,1906,5,10,New York,Bronx Co.,N.Y.B.G.,40.85,-73.8662
057a185f-57a7-4975-9c12-caa7825d43a4,NY,1906,5,10,New York,Bronx Co.,N.Y. Bot. Garden,40.85,-73.8662
6b07eb66-f487-4217-8940-faadf5d006d5,NY,1937,6,20,New York,Bronx Co.,,40.85,-73.8662
f5d8844e-ca96-493e-bf89-adecdd20d8e0,NY,1973,11,2,New York,Bronx Co.,,40.85,-73.8662
e91d4422-a8a7-43e3-bb9f-92f4f11bfcb3,NY,1973,11,10,New York,Bronx Co.,along Mosholu Parkway,40.85,-73.8662
5b6ee698-d90d-4ebe-9159-593ef881f646,NY,1976,4,13,New York,Bronx Co.,along Mosholu Pkwy.,40.85,-73.8662
df386b47-b584-42c9-a1ad-aec2e30dbdd1,NY,1976,7,22,New York,Bronx Co.,,40.85,-73.8662
e6c43259-31b5-4dd4-b3e9-a1fef7313d46,NY,1976,4,22,New York,Bronx Co.,along Mosholu Pkwy. near Webster Ave.,40.85,-73.8662
fa1b5dd5-3d95-46ea-8899-522968b7a02d,NY,1977,5,31,New York,Bronx Co.,along support wall along Mosholu Pkwy.,40.85,-73.8662
8b4a8873-7654-4a66-b702-2a6cf10ed14f,NY,1977,5,26,New York,Bronx Co.,along Mosholu Pkwy. wall,40.85,-73.8662
5e542d55-aafb-4cd1-a42b-7517aae4ba53,NY,1976,4,26,New York,Bronx Co.,along Mosholu Pkwy.,40.85,-73.8662
c4e4b233-b92e-4b70-affa-b00b1b672cb6,NY,1976,4,30,New York,Bronx Co.,along Mosholu Pkwy.,40.85,-73.8662
1e395bad-46ff-43ba-af02-1251f711b511,NY,1976,6,2,New York,Bronx Co.,,40.85,-73.8662
778227ce-581a-4033-b2d9-aa27c30cb153,NY,1976,6,2,New York,Bronx Co.,,40.85,-73.8662
eb9fcfb9-ec2b-4887-b13a-7dfc64b8c5f2,NY,1976,6,2,New York,Bronx Co.,,40.85,-73.8662
67e882ca-193c-4511-91df-df2b20d72967,NY,1976,6,2,New York,Bronx Co.,,40.85,-73.8662
b88c54a8-dca1-4e7c-a5d9-c118d87aa9d0,NY,1976,6,2,New York,Bronx Co.,,40.85,-73.8662
6e9a9e8f-74fe-45b9-a5d2-9bfc2dd13498,NY,1976,6,2,New York,Bronx Co.,,40.85,-73.8662
76372032-01b3-464b-ab5e-1f6bfc913193,NY,1976,6,2,New York,Bronx Co.,,40.85,-73.8662
9a749969-af9e-42e2-aaca-b0ac0ac2bc9c,NY,1976,4,23,New York,Bronx Co.,,40.85,-73.8662
cf5ef602-1c2d-4702-8562-36323d5d7945,NY,1976,10,16,New York,Bronx Co.,,40.85,-73.8662
868beb3a-f6b0-4953-8e3b-bedbca632f7a,NY,1976,4,28,New York,Bronx Co.,Mosholu Pkwy,40.85,-73.8662
a8fb983f-6ff4-4105-92e0-c9fc0571f25c,NY,1976,6,2,New York,Bronx Co.,,40.85,-73.8662
07195f46-9575-4be1-947e-83892ca606be,NY,1976,6,19,New York,Bronx Co.,Parkside Place,40.85,-73.8662
832d7526-d171-4fec-8c53-2a87f61af37e,NY,1976,4,8,New York,Bronx Co.,,40.85,-73.8662
41249b0b-0380-400f-8543-5125fb3e316f,NY,1976,5,31,New York,Bronx Co.,Corner of Mosholu Pkway. and Southern Blvd.,40.85,-73.8662
6294f6f5-d6a1-434c-b3b1-627e55c5fa35,NY,1976,5,31,New York,Bronx Co.,,40.85,-73.8662
16a9a131-69bd-4ed8-94a3-8174640abf68,NY,1976,10,16,New York,Bronx Co.,,40.85,-73.8662
6e0907da-738c-4bd1-8859-a24f3280a90b,NY,1976,5,31,New York,Bronx Co.,,40.85,-73.8662
5dc55e90-f60a-4458-acf0-384cc721355c,NY,1976,5,31,New York,Bronx Co.,Mosholu Pkwy,40.85,-73.8662
2d9bf18a-b697-46f8-9954-a3d4406302a1,NY,1975,11,10,New York,Bronx Co.,Along Mosholu Pkwy.,40.85,-73.8662
5ae4cdc4-d0d3-45ab-9b30-172bb5b15490,NY,1976,5,19,New York,Bronx Co.,"Van Cortlandt Park, east of N.Y.S. Thruway, near Woodlawn Cemetary",40.8982,-73.8674
e57136fd-6256-404c-a00d-d60f389211b0,NY,2010,7,26,New York,Bronx Co.,"City of New York. Grounds of The New York Botanical Garden, N of Waring Avenue and E of the Bronx River",40.8644,-73.8725
191c2a95-e4a8-4966-bd76-a9d64dc31d38,NY,2008,7,28,New York,Bronx Co.,"woods along Bronx River just upstream from New York Botanical Garden, formerly part of the New York Botanical Garden grounds. At west end of footbridge over the Bronx River",40.8719,-73.8731
ad1d56fe-fa05-4e8c-9c05-b08c939f1c4d,NY,2009,8,26,New York,Bronx Co.,New York City. Grounds of The New York Botanical Garden. S of Waring Ave and E of the Bronx River.,40.8574,-73.8734
47fe8a81-c860-4336-8711-95e78b58ed87,NY,2009,8,26,New York,Bronx Co.,New York City. Grounds of The New York Botanical Garden. S of Waring Ave and E of the Bronx River.,40.8575,-73.8735
d39df764-253c-406d-9504-8f928a0074bb,NY,2010,7,26,New York,Bronx Co.,"City of New York. Grounds of The New York Botanical Garden, N of Waring Avenue and E of the Bronx River",40.8644,-73.8735
6570a955-4e7d-459d-ab5b-633fcea061e5,NY,2013,4,28,New York,Bronx Co.,"Grounds of The New York Botanical Garden, between the Nolen Glasshouses and the Rockefeller Rose Garden",40.8581,-73.874
77f3eacb-5125-4e34-b24f-10f738b61a3f,NY,1987,4,22,New York,Bronx Co.,"Grounds of The New York Botanical Garden, Forest Grid Number 136",40.8631,-73.8741
8caa2f50-1f7a-485b-8308-8969d7aad2e0,NY,1987,4,22,New York,Bronx Co.,"Grounds of The New York Botanical Garden, Forest Grid Number 136",40.8631,-73.8741
0369f0e8-253b-43e2-afb7-d322f1c447fd,NY,2006,5,10,New York,Bronx Co.,The New York Botanical Garden,40.8647,-73.8742
8e7d7649-17d5-45a4-96a0-a8e72584b396,NY,2011,8,28,New York,Bronx Co.,"on upstream side of Southern Blvd. bridge, across Southern Blvd. from the New York Botanical Garden",40.8669,-73.8744
bc09e45f-abdc-4b48-8ec4-890e55d4e82f,NY,2008,9,22,New York,Bronx Co.,"The New York Botanical Garden, floodplain of the Bronx River at Magnolia Way bridge over the Bronx River",40.8661,-73.8748
a03d0e69-df82-4b3e-89cb-cbc985457bd9,NY,1989,10,24,New York,Bronx Co.,"in the New York Botanical Garden, near the Rock Garden",40.8568,-73.875
73d60080-86fe-4d08-bede-f01bc9b5f886,NY,1978,5,21,New York,Bronx Co.,"N of The New York Botanical Garden, along Bronx River",40.8568,-73.875
4bdfdc77-5edb-40e7-b7d4-ba8d9c38a943,NY,1939,6,16,New York,Bronx Co.,Bronx Park. The New York Botanical Garden. In native woods,40.8568,-73.875
5f1b6843-aa3c-497b-94ac-e08ec421cae7,NY,1973,11,13,New York,Bronx Co.,at The New York Botanical Garden,40.8568,-73.875
b7fce69b-41fa-4b4a-9efd-23179ee2a4b6,NY,2006,4,26,New York,Bronx Co.,The New York Botanical Garden.,40.8619,-73.875
e8e976de-818d-488e-8582-1e11b404cbb6,NY,1986,5,19,New York,Bronx Co.,"Grounds of The New York Botanical Garden, Forest Grid Number 123",40.8649,-73.875
e0c0ad83-bc59-49b2-b4a1-0692a78e0922,NY,2009,8,23,New York,Bronx Co.,Bronx. The New York Botanical Garden. Native deciduous forest near base of slope along E side of Bronx River downstream from the bridge near Kazimiroff Drive,40.8656,-73.875
e0c0ad83-bc59-49b2-b4a1-0692a78e0922,NY,2009,8,23,New York,Bronx Co.,Bronx. The New York Botanical Garden. Native deciduous forest near base of slope along E side of Bronx River downstream from the bridge near Kazimiroff Drive,40.8656,-73.875
e8e976de-818d-488e-8582-1e11b404cbb6,NY,1986,5,19,New York,Bronx Co.,"Grounds of The New York Botanical Garden, Forest Grid Number 123",40.8649,-73.8753
66b83bd9-7ebe-4c57-b24f-1e6f1bf3d4a4,NY,1986,5,19,New York,Bronx Co.,"Grounds of The New York Botanical Garden, Forest Grid Number 123",40.8649,-73.8753
c78ff1f4-d9b6-4f46-b4ee-863d708f7834,NY,2006,4,20,New York,Bronx Co.,The New York Botanical Garden,40.8661,-73.8753
1f79912d-a050-4f90-a6b8-afbe33b952d5,NY,2006,5,3,New York,Bronx Co.,Bronx. The New York Botanical Garden,40.8664,-73.8753
782792ac-34b6-4873-99f8-c72733098516,NY,1977,5,18,New York,Bronx Co.,The New York Botanical Garden. Hemlock Forest overlooking Bronx River,40.8568,-73.8754
1cc0e9e8-ad1e-4a3b-b435-c4a1a396d9e0,NY,1976,6,5,New York,Bronx Co.,"The New York Botanical Garden. In hemlock forest, behind Rock Garden",40.8568,-73.8754
19f98095-4de5-42f7-8b2a-178b8cc9ebb3,NY,1993,7,20,New York,Bronx Co.,"The New York Botanical Garden, tram stop area near Harding Laboratory",40.8568,-73.8754
3a1f4c41-0d8e-4bf4-809b-eff9bbd68a8f,NY,1993,5,13,New York,Bronx Co.,The New York Botanical Garden. Rock garden near waterfall,40.8568,-73.8754
67134cd0-d6b2-45e4-9f2f-6761ed85892f,NY,1985,7,31,New York,Bronx Co.,On grounds of New York Botanical Garden,40.8568,-73.8754
73d60080-86fe-4d08-bede-f01bc9b5f886,NY,1978,5,21,New York,Bronx Co.,"N of The New York Botanical Garden, along Bronx River",40.8568,-73.8754
b124b5bf-d0ee-4b2f-aa22-776b02d546ee,NY,1977,4,16,New York,Bronx Co.,The New York Botanical Garden. Near Magnolia Collection,40.8568,-73.8754
88fd3196-3a37-4352-80b0-619a3ad19da6,NY,1978,5,21,New York,Bronx Co.,"The New York Botanical Garden, on ""flood plain"" of Bronx River, in north portion of the Garden",40.8568,-73.8754
eadd0dec-e23d-487e-9405-cfc347a15980,NY,1912,9,25,New York,Bronx Co.,The New York Botanical Garden. East of Museum Building,40.8568,-73.8754
4bdfdc77-5edb-40e7-b7d4-ba8d9c38a943,NY,1939,6,16,New York,Bronx Co.,Bronx Park. The New York Botanical Garden. In native woods,40.8568,-73.8754
5f1b6843-aa3c-497b-94ac-e08ec421cae7,NY,1973,11,13,New York,Bronx Co.,at The New York Botanical Garden,40.8568,-73.8754
a03d0e69-df82-4b3e-89cb-cbc985457bd9,NY,1989,10,24,New York,Bronx Co.,"in the New York Botanical Garden, near the Rock Garden",40.8568,-73.8754
35e94cee-cabd-4490-9b5f-daedaf90acec,NY,1929,6,13,New York,Bronx Co.,"New York Botanical Garden, Bronx Park, New York City",40.8568,-73.8754
b3808218-13da-4488-beb2-559742b82fb6,NY,1993,5,6,New York,Bronx Co.,New York Botanical Garden. Intersection of Azalea Way and path to Bronx River Gate and Bronx Zoo,40.8568,-73.8754
97e090ad-b946-475d-959d-916ecd18b0a3,NY,1940,5,22,New York,Bronx Co.,"New York Botanical Garden, Bronx Park.",40.8568,-73.8754
065189ca-9813-46cb-84c8-4b815a3e3d56,NY,1923,10,10,New York,Bronx Co.,The New York Botanical Garden. Twin L[akes] west of Lilac Garden,40.8568,-73.8754
e829f7f7-2e1b-4129-9aac-0f45eb58dccc,NY,1993,7,20,New York,Bronx Co.,"The New York Botanical Garden, near Conservatory Way",40.8568,-73.8754
0f4572fc-0090-4cd7-828b-96fead0e4df1,NY,1929,6,13,New York,Bronx Co.,"New York Botanical Garden, Bronx Park, New York City",40.8568,-73.8754
038a9d2a-4bda-4696-a6b6-282b25bbc484,NY,1939,6,16,New York,Bronx Co.,Bronx Park. The New York Botanical Garden. In native woods,40.8568,-73.8754
55233ec2-41f8-44c0-985e-6f54ce10c6f2,NY,1907,10,,New York,Bronx Co.,"New York Botanical Garden, east of river",40.8568,-73.8754
d9fe2ae3-74f8-4841-a2b2-94b7ed8ed788,NY,1993,7,20,New York,Bronx Co.,"The New York Botanical Garden, tram stop area near Harding Laboratory",40.8568,-73.8754
a47144fb-bece-4bb5-9344-14f7c6b74148,NY,1988,7,18,New York,Bronx Co.,"On the grounds of the New York Botanical Garden, Bronx",40.8568,-73.8754
d5ce2e48-ba15-4ad2-af60-b2d5065c5350,NY,1986,10,10,New York,Bronx Co.,"Grounds of New York Botanical Garden, near the Museum Building",40.8568,-73.8754
a39ef3ba-a43b-44a3-8b62-b5b47456530d,NY,1966,9,17,New York,Bronx Co.,The New York Botanical Garden. Native Plant Garden,40.8568,-73.8754
11a39691-016f-48ec-badc-a0ef44488395,NY,2009,5,29,New York,Bronx Co.,"City of New York. The New York Botanical Garden, W of the Bronx River and N of Waring Ave",40.866,-73.8754
269984ee-a0b3-46e9-9c1f-b29e0926bb0b,NY,2009,4,29,New York,Bronx Co.,"Grounds of The New York Botanical Garden, forest, W of the Bronx River and S of northern perimeter road",40.8651,-73.8755
3b6e434a-b0e3-4f75-8f97-dd309149db24,NY,2009,4,24,New York,Bronx Co.,"The New York Botanical Garden, SE section of the Garden, ca 90 m east of the Bronx River and ca 230 m N of Pelham Parkway/Fordham Road/US",40.8581,-73.8757
46807034-375c-4f39-b0bd-9db62ad0fb93,NY,2006,5,3,New York,Bronx Co.,The New York Botanical Garden,40.8678,-73.8758
c33b0f18-14e1-4124-839e-71253c27ae36,NY,1940,5,21,New York,Bronx Co.,"New York Botanical Garden, Bronx Park",40.8627,-73.8759
6354f2ff-fb83-4558-b763-8609682c30e8,NY,1940,5,21,New York,Bronx Co.,"New York Botanical Garden, Bronx Park",40.8627,-73.8759
aeddf231-4638-4a8d-abed-843a42dc79fd,NY,2006,9,27,New York,Bronx Co.,The New York Botanical Garden. Along path between Hester Bridge and Azalea Way,40.8606,-73.8764
4365a7d4-0ca9-44af-96bb-0b52170c93f1,NY,1985,5,15,New York,Bronx Co.,"Grounds of The New York Botanical Garden, Forest Grid Number 105",40.8622,-73.8765
05c05e70-b2ab-4948-acd0-198eabdccec0,NY,1988,9,19,New York,Bronx Co.,"Grounds of The New York Botanical Garden, Forest Grid Number 104",40.8631,-73.8765
fabf8139-1d32-4495-9506-f87df2969da1,NY,1988,9,19,New York,Bronx Co.,"Grounds of The New York Botanical Garden, Forest Grid Number 104",40.8631,-73.8765
c2be5c45-2985-4685-8d2a-f6100326907d,NY,2009,6,30,New York,Bronx Co.,"Grounds of The New York Botanical Garden, W of the Bronx River and S of Waring Ave",40.8599,-73.8768
fd3a4fb5-19f7-4e6d-a2cc-3a89c277f4dc,NY,1902,5,10,New York,Bronx Co.,Bronx Park,40.861,-73.8768
4cafc427-6e35-4fc8-b01e-dae745520208,NY,1896,5,11,New York,Bronx Co.,Bronx Park,40.861,-73.8768
6ad76690-c480-4b2e-91a1-9fc63a18b9b9,NY,1896,5,11,New York,Bronx Co.,Bronx Park,40.861,-73.8768
e05dcb7f-a323-478f-9235-2693ba6d772d,NY,1896,9,30,New York,Bronx Co.,Bronx Park,40.861,-73.8768
f0399c50-95bc-4eb4-ab5f-7d904251c459,NY,1896,9,30,New York,Bronx Co.,Bronx Park,40.861,-73.8768
161be679-1950-4b0c-833c-daad63ad1839,NY,1896,5,5,New York,Bronx Co.,Bronx Park,40.861,-73.8768
6cade477-a4d6-42d7-bd01-b6feddd9c091,NY,1896,10,7,New York,Bronx Co.,Bronx Park.,40.8565,-73.877
b27538c2-da8e-4b4f-8217-0790d0bd24e3,NY,1896,5,11,New York,Bronx Co.,Bronx Park,40.8565,-73.877
1407cc64-8ce9-44e1-865c-fb74dcd3067d,NY,1896,5,5,New York,Bronx Co.,Bronx Park,40.8565,-73.877
38de0406-8efc-48dd-9422-0f0681bbfc0d,NY,1900,9,25,New York,Bronx Co.,Bronx Park,40.8565,-73.877
c2be5c45-2985-4685-8d2a-f6100326907d,NY,2009,6,30,New York,Bronx Co.,"Grounds of The New York Botanical Garden, W of the Bronx River and S of Waring Ave",40.8599,-73.877
fd3a4fb5-19f7-4e6d-a2cc-3a89c277f4dc,NY,1902,5,10,New York,Bronx Co.,Bronx Park,40.861,-73.877
4365a7d4-0ca9-44af-96bb-0b52170c93f1,NY,1985,5,15,New York,Bronx Co.,"Grounds of The New York Botanical Garden, Forest Grid Number 105",40.8622,-73.877
d4c6025e-a456-4939-b984-c7b937610a46,NY,,,,New York,Bronx Co.,Wild. N.Y.B.G.,40.8623,-73.877
da1b499e-83e7-4248-b9cd-2206cf525878,NY,1929,6,13,New York,Bronx Co.,New York Botanical Garden,40.8623,-73.877
7650526a-971d-4a30-8a52-12e9426b0589,NY,1940,5,22,New York,Bronx Co.,"New York Botanical Garden, Bronx Park",40.8623,-73.877
84033228-8a67-4047-85bf-3cf2f79f7c07,NY,1940,5,22,New York,Bronx Co.,"New York Botanical Garden, Bronx Park",40.8623,-73.877
ab0913e3-185c-42f2-82dd-0c38be382355,NY,1906,5,10,New York,Bronx Co.,N.Y.B.G.,40.8623,-73.877
fdfd4d7c-8b54-4ad9-af34-82fa5e1e3425,NY,1924,10,,New York,Bronx Co.,New York Botanical Garden,40.8623,-73.877
64c5645b-2abc-4923-872e-83d3e6c65552,NY,1924,10,,New York,Bronx Co.,New York Botanical Garden,40.8623,-73.877
f1cd2922-6916-4685-9d9f-44ac6fae6d47,NY,1906,5,10,New York,Bronx Co.,N.Y.B.G.,40.8623,-73.877
6c96b2b8-d9a8-4be9-8da0-94c6c73ea7e8,NY,1906,5,10,New York,Bronx Co.,New York Botanical Garden,40.8623,-73.877
80e4f760-2fba-43d8-8bc6-0eb157f016ed,NY,1906,5,10,New York,Bronx Co.,N.Y. Bot. Gard.,40.8623,-73.877
ef1877b8-5b21-445f-b287-e4ed28edc59f,NY,1906,5,10,New York,Bronx Co.,N.Y.B.G.,40.8623,-73.877
f9ce8acb-8b75-48ec-a7c8-e78bb4e1b6ea,NY,1906,5,10,New York,Bronx Co.,N.Y.B.G.,40.8623,-73.877
5473a033-c997-49e7-bf9e-3dbfa0f11f18,NY,1991,6,13,New York,Bronx Co.,New York Botanical Garden,40.8623,-73.877
1ae27437-430c-4dc2-aff0-f7609f6b174c,NY,1929,6,14,New York,Bronx Co.,"The New York Botanical Garden, Bronx Park",40.8623,-73.877
34b9ec4b-1803-4f4e-a6ed-62aea7303366,NY,1929,6,14,New York,Bronx Co.,"The New York Botanical Garden, Bronx Park",40.8623,-73.877
272448e6-a3fd-4e95-9747-5736d1ff4ed8,NY,1976,5,31,New York,Bronx Co.,The New York Botanical Garden,40.8623,-73.877
6b6f1a63-5c6e-4b8a-920c-5e19d23bf1b6,NY,1938,4,23,New York,Bronx Co.,New York Botanical Garden,40.8623,-73.877
6f123215-5c3f-47ce-9c99-baed1fabf2b2,NY,,,,New York,Bronx Co.,New York Botanical Garden,40.8623,-73.877
ee7d4fb6-f133-47af-b034-e34174e28546,NY,1993,9,10,New York,Bronx Co.,on the grounds of the New York Botanical Garden,40.8623,-73.877
ee7d4fb6-f133-47af-b034-e34174e28546,NY,1993,9,10,New York,Bronx Co.,on the grounds of the New York Botanical Garden,40.8623,-73.877
d4c6025e-a456-4939-b984-c7b937610a46,NY,,,,New York,Bronx Co.,Wild. N.Y.B.G.,40.8623,-73.877
7aa384c0-b8d4-4e7e-9c57-6ea3d78e8310,NY,1900,9,25,New York,Bronx Co.,Bronx Park,40.8565,-73.8771
ba813f29-c729-4f73-99fa-4430f64d3e3c,NY,1903,,,New York,Bronx Co.,Bronx Park,40.8565,-73.8771
90541f37-eb17-4dab-b8b9-dbf2ad38165c,NY,1896,5,11,New York,Bronx Co.,Bronx Park,40.8565,-73.8771
38de0406-8efc-48dd-9422-0f0681bbfc0d,NY,1900,9,25,New York,Bronx Co.,Bronx Park,40.8565,-73.8771
6cade477-a4d6-42d7-bd01-b6feddd9c091,NY,1896,10,7,New York,Bronx Co.,Bronx Park.,40.8565,-73.8771
b15e2c8e-c9d5-41d8-93ca-ba72cf4283ac,NY,1896,5,11,New York,Bronx Co.,Bronx Park,40.8565,-73.8771
1407cc64-8ce9-44e1-865c-fb74dcd3067d,NY,1896,5,5,New York,Bronx Co.,Bronx Park,40.8565,-73.8771
0b62caa5-2136-4384-b054-d36f3d28aa62,NY,1896,10,7,New York,Bronx Co.,Bronx Park,40.8565,-73.8771
baff30d0-11f1-4135-b200-30f62e80dcc6,NY,2010,9,16,New York,Bronx Co.,"City of New York. Grounds of The New York Botanical Garden, N of Waring Avenue and W of the Bronx River",40.864,-73.8773
e107aff1-5591-409e-b445-e193d58a788b,NY,2012,10,30,New York,Bronx Co.,New York Botanical Garden,40.8672,-73.8775
b842a7f5-d674-45ba-b6fd-54bdeefc4f2d,NY,2016,11,6,New York,Bronx Co.,"Grounds of the New York Botanical Garden. Watson Building NE corner, E corner of the intersection of Magnolia Way and the service drive adjacent to the Watson Building",40.8667,-73.8776
23d10f6b-dd0f-479e-8b16-95e896fb3654,NY,2016,8,19,New York,Bronx Co.,New York Botanical Garden. South Arboretum,40.8577,-73.8777
be7f6e84-777c-4168-abbf-c114cb0037c4,NY,2006,5,3,New York,Bronx Co.,Bronx. The New York Botanical Garden,40.8597,-73.8778
f78cc62d-83fc-47c4-9674-b5e35a28765a,NY,2016,11,6,New York,Bronx Co.,Grounds of the New York Botanical Garden. Watson Buildingnorth end. North of and adjacent to the intersection of Magnolia Way and the service drive,40.8669,-73.8778
edf2a31d-0cd6-467f-835e-aed505a66462,NY,2010,7,27,New York,Bronx Co.,"City of New York. Grounds of The New York Botanical Garden, N of Waring Avenue and W of the Bronx River",40.8634,-73.8779
0bafeaad-38ef-4d96-9183-9341f6546cb2,NY,1991,5,23,New York,Bronx Co.,The New York Botanical Garden,40.8624,-73.878
03921cbd-4604-4f09-8f4e-940ede73c716,NY,1976,5,22,New York,Bronx Co.,The New York Botanical Garden,40.8624,-73.8781
0bafeaad-38ef-4d96-9183-9341f6546cb2,NY,1991,5,23,New York,Bronx Co.,The New York Botanical Garden,40.8624,-73.8781
39cab5e8-24b4-47c0-a547-d9166443e5f1,NY,2008,9,22,New York,Bronx Co.,"The New York Botanical Garden, NW entrance of herbarium building",40.8674,-73.8787
ed5a05e2-e56c-40ec-9c3f-3bf841ba2300,NY,2009,6,22,New York,Bronx Co.,"Botanical Garden, between the main building and Kazimiroff Drive and end of Mosholu Parkway",40.8672,-73.879
95461093-b371-4a67-8e89-7369ce3b274c,NY,2016,10,29,New York,Bronx Co.,Grounds of the New York Botanical Garden. Adjacent to and north of the Children's Adventure Garden. Planted along path that borders the S end of the Native Plant Garden,40.8629,-73.8791
ed5a05e2-e56c-40ec-9c3f-3bf841ba2300,NY,2009,6,22,New York,Bronx Co.,"Botanical Garden, between the main building and Kazimiroff Drive and end of Mosholu Parkway",40.8672,-73.8794
90a1a50c-bc8a-497f-9e1c-d96504896a96,NY,2018,5,30,New York,Bronx Co.,"New York City. New York Botanical Garden, west of the Bronx River and north of Stone Mill Road, between the Levy Visitor Center and the Library building.",40.864,-73.8795
d3215788-5bee-4096-8c82-0b268230eb74,NY,2009,6,18,New York,Bronx Co.,"cultivated at New York Botanical Garden, near the fountain by the Kennedy entrance",40.8636,-73.8797
5c47cca0-7644-491a-8f12-942381d65730,NY,2009,6,25,New York,Bronx Co.,"corner of Mosholu Parkway and Kazimiroff Drive, between New York Botanical Garden and Metro North railroad tracks",40.8678,-73.8797
dea0e539-7f1a-4d5b-8c40-0fdbedeb9b31,NY,2009,9,20,New York,Bronx Co.,"corner of Mosholu Parkway and Kazimiroff Drive, between New York Botanical Garden and Metro North railroad tracks",40.8678,-73.8797
3cc66822-0c24-4161-a79b-00343878b5de,NY,2009,4,30,New York,Bronx Co.,"Grounds of The New York Botanical Garden, forest, W of the Bronx River",40.8637,-73.8798
dc9a5efc-b71f-45f8-86d5-d4617f7f1e24,NY,2009,4,27,New York,Bronx Co.,"The New York Botanical Garden, central section of the Garden, west of the Bronx River",40.8637,-73.8798
c8a97cf3-3ff5-43f0-9634-75ce1e7a43ab,NY,2010,4,17,New York,Bronx Co.,"New York City. Grounds of The New York Botanical Garden, N of Waring Ave and W of the Bronx River",40.865,-73.8798
b11df53f-ad49-4390-a9e7-f0368d3dd62c,NY,1993,7,17,New York,Bronx Co.,"New York Botanical Garden, floodplain of Bronx River between NYBG Garden bridge and the northwestern highway bridge",40.85,-73.88
25cd9640-fffc-41ef-b23d-5c3da6b47b68,NY,1993,9,4,New York,Bronx Co.,"New York Botanical Garden, woods near Children's Garden",40.85,-73.88
07870d86-5688-40de-8cbb-400ed7d0bb5e,NY,1993,7,12,New York,Bronx Co.,"New York Botanical Garden, near Rose Garden",40.85,-73.88
52ba8e1c-55b2-4d10-98c9-4dcbc24073c2,NY,2008,9,23,New York,Bronx Co.,"The New York Botanical Garden, ca 320 m (by air) west of the Bronx River and ca 350-365 m (by air) north of Fordham Road/Pelham Parkway/US 1",40.8601,-73.88
52ba8e1c-55b2-4d10-98c9-4dcbc24073c2,NY,2008,9,23,New York,Bronx Co.,"The New York Botanical Garden, ca 320 m (by air) west of the Bronx River and ca 350-365 m (by air) north of Fordham Road/Pelham Parkway/US 1",40.8601,-73.88
a0e832ea-b097-4084-9db4-4ee2f402bcdc,NY,2009,4,30,New York,Bronx Co.,"Grounds of The New York Botanical Garden, forest, W of the Bronx River and S of northern perimeter road",40.8655,-73.88
3d9969ba-51e1-4d3c-b999-8240cc584c41,NY,2012,8,26,New York,Bronx Co.,"Bronx, between the Metro North railroad line and the New York Botanical Garden, south of Mosolu Parkway.",40.8675,-73.88
cde1acf2-c9a1-4f31-a83d-75b9b71ebdc7,NY,2012,8,26,New York,Bronx Co.,"Bronx, between the Metro North railroad line and the New York Botanical Garden, south of Mosolu Parkway.",40.8675,-73.88
dea0e539-7f1a-4d5b-8c40-0fdbedeb9b31,NY,2009,9,20,New York,Bronx Co.,"corner of Mosholu Parkway and Kazimiroff Drive, between New York Botanical Garden and Metro North railroad tracks",40.8678,-73.88
a0e832ea-b097-4084-9db4-4ee2f402bcdc,NY,2009,4,30,New York,Bronx Co.,"Grounds of The New York Botanical Garden, forest, W of the Bronx River and S of northern perimeter road",40.8655,-73.8803
5232ac2c-a334-4500-8c7d-370c05dd7763,NY,2010,7,26,New York,Bronx Co.,"City of New York. Grounds of The New York Botanical Garden, N of Waring Avenue and W of the Bronx River",40.8655,-73.8804
e3ec6d51-07a4-403a-8d03-9a5edc594dd5,NY,2009,6,30,New York,Bronx Co.,"Grounds of The New York Botanical Garden, W of the Bronx River and N of Waring Ave",40.8655,-73.8804
3be40f25-4cd8-4319-bc6d-25478c6d8d8f,NY,2016,11,6,New York,Bronx Co.,"Grounds of the New York Botanical Garden. E side of Harding Lab, 5-10m S of main path that borders Tulip Tree Allee",40.8654,-73.8805
06934427-5b4a-4ede-8644-d221e1109f14,NY,2016,11,6,New York,Bronx Co.,"Grounds of the New York Botanical Garden. North side of Mosholu Gate entrance, east side of wall",40.8665,-73.8806
55916f16-94ae-4168-ab39-435e6ca54c3a,NY,2009,6,22,New York,Bronx Co.,"at parking lot, Metro North railroad station on Kazimiroff Drive, opposite entrance to the New York Botanical Garden",40.8672,-73.8806
f7e182d7-a5c1-46be-9c91-c18cf732d6b3,NY,2009,6,22,New York,Bronx Co.,"at Metro North railroad station on Kazimiroff Drive, in park opposite entrance to New York Botanical Garden",40.8672,-73.8806
5ab1a447-6ad3-4fa3-8fda-81060d91adc5,NY,2003,9,19,New York,Bronx Co.,"between the Metro North railroad line and the New York Botanical Garden, south of Mosholu Parkway",40.8674,-73.8806
55916f16-94ae-4168-ab39-435e6ca54c3a,NY,2009,6,22,New York,Bronx Co.,"at parking lot, Metro North railroad station on Kazimiroff Drive, opposite entrance to the New York Botanical Garden",40.8672,-73.881
f7e182d7-a5c1-46be-9c91-c18cf732d6b3,NY,2009,6,22,New York,Bronx Co.,"at Metro North railroad station on Kazimiroff Drive, in park opposite entrance to New York Botanical Garden",40.8672,-73.881
3a455394-8d71-47c7-8b11-c2444a77300d,NY,2010,7,25,New York,Bronx Co.,"along Mosholu Parkway, parkland between the parkway and the street E Mosholu Parkway S.",40.8703,-73.881
89113934-4692-4324-9dd3-7a769c3eef17,NY,1998,6,2,New York,Bronx Co.,On eastside of Moshulu Park on Moshulu Parkway,40.8706,-73.881
3a455394-8d71-47c7-8b11-c2444a77300d,NY,2010,7,25,New York,Bronx Co.,"along Mosholu Parkway, parkland between the parkway and the street E Mosholu Parkway S.",40.8703,-73.8811
89113934-4692-4324-9dd3-7a769c3eef17,NY,1998,6,2,New York,Bronx Co.,On eastside of Moshulu Park on Moshulu Parkway,40.8706,-73.8811
a060e34c-f2ec-411c-9ae6-2773b2724feb,NY,1998,5,5,New York,Bronx Co.,Bronx Park along the West side of Moshulu Parl on 202 Street.,40.8706,-73.8811
4f298858-e4e1-48b5-83a6-b5a3d859844e,NY,2016,11,6,New York,Bronx Co.,Grounds of the New York Botanical Garden. SE corner of Conservatory Way sidewalk,40.8659,-73.8813
42654a65-98c1-4a5f-a32d-ed51b02b18b3,NY,2015,6,14,New York,Bronx Co.,"Grounds of the New York Botanical Garden, Near circular fountain by the Visitor Center",40.8578,-73.8817
09674aa5-2a3f-49cd-a837-72031c468605,NY,2015,6,14,New York,Bronx Co.,"Grounds of the New York Botanical Garden, Near circular fountain by the Visitor Center",40.8578,-73.8817
9118212b-31a3-4914-8be0-c9fbaaafa140,NY,2009,6,22,New York,Bronx Co.,"along Mosholu Parkway South and park, near Marion Ave.",40.8703,-73.8817
45d71582-eed1-4751-b48b-ab29b5906f53,NY,2006,4,27,New York,Bronx Co.,"in park along Marion Ave., between Mosholu Parkway and ""Mosholu West""",40.8706,-73.8817
b6014340-a9f0-40b0-95d2-c130db29b7b7,NY,2006,11,6,New York,Bronx Co.,"in park along Marion Ave., between Mosholu Parkway and ""Mosholu West""",40.8706,-73.8817
69b1756a-4d32-4c1d-81c1-c9c791f25d9d,NY,2008,9,24,New York,Bronx Co.,"The New York Botanical Garden, ca 570 m (by air) W of the Bronx River and ca 35 m (by air) S of Kazimiroff Blvd",40.8659,-73.8818
42654a65-98c1-4a5f-a32d-ed51b02b18b3,NY,2015,6,14,New York,Bronx Co.,"Grounds of the New York Botanical Garden, Near circular fountain by the Visitor Center",40.8578,-73.882
09674aa5-2a3f-49cd-a837-72031c468605,NY,2015,6,14,New York,Bronx Co.,"Grounds of the New York Botanical Garden, Near circular fountain by the Visitor Center",40.8578,-73.882
9118212b-31a3-4914-8be0-c9fbaaafa140,NY,2009,6,22,New York,Bronx Co.,"along Mosholu Parkway South and park, near Marion Ave.",40.8703,-73.882
c877a4de-b134-40a2-97d7-cd933c26af80,NY,1891,6,,New York,Bronx Co.,Van Cortlandt Park,40.8979,-73.8835
65af35af-f76f-4bae-9d13-eeff9c065241,NY,1891,6,,New York,Bronx Co.,Van Cortlandt Park,40.8979,-73.8835
65af35af-f76f-4bae-9d13-eeff9c065241,NY,1891,6,,New York,Bronx Co.,Van Cortlandt Park,40.8979,-73.884
f9f5abff-c3f1-43ab-a4c7-55e61b94e857,NY,1891,6,,New York,Bronx Co.,Van Cortlandt Park,40.8984,-73.8867
805036c2-ed9a-450e-bc75-6bcd86b4da59,NY,1891,6,,New York,Bronx Co.,Van Cortlandt Park,40.8984,-73.8867
9e029d78-b2e5-4b94-90e7-8631ee489ddd,NY,1891,6,,New York,Bronx Co.,Van Cortlandt Park,40.8984,-73.8867
def6a38c-04f7-4036-b1f9-a00641c5e170,NY,2009,8,4,New York,Bronx Co.,campus of Lehman College,40.8739,-73.892
def6a38c-04f7-4036-b1f9-a00641c5e170,NY,2009,8,4,New York,Bronx Co.,campus of Lehman College,40.8739,-73.8922
b53e56a3-8a56-4975-8a80-f3e4fe5c5116,NY,1896,10,,New York,Bronx Co.,Hill at Fordham,40.8593,-73.8985
278c1df0-2317-4e5f-be66-262a5ab5dba0,NY,1904,7,21,New York,Bronx Co.,Jerome Ave.,40.8656,-73.8989
6902e950-ff55-4681-a0e5-46bea99d8dcd,NY,1901,5,30,New York,Bronx Co.,Jerome Ave.,40.8656,-73.8989
c4c84c6b-08bd-4db8-826f-4b8c281d4cd0,NY,1883,6,2,New York,Queens Co.,,40.7494,-73.902
0f6132f0-3e4e-4bdb-90df-921c136b149c,NY,,,,New York,Queens Co.,Long Island,40.7494,-73.902
c3084897-1dd2-4652-b3de-42a8deb2f3fe,NY,1922,9,14,New York,Queens Co.,Long Island,40.7494,-73.902
20e7564e-d3f2-4076-9dd1-6fbaccfcd8c5,NY,1922,7,21,New York,Queens Co.,Long Island,40.7494,-73.9023
c3084897-1dd2-4652-b3de-42a8deb2f3fe,NY,1922,9,14,New York,Queens Co.,Long Island,40.7494,-73.9023
c4c84c6b-08bd-4db8-826f-4b8c281d4cd0,NY,1883,6,2,New York,Queens Co.,,40.7494,-73.9023
734b8426-a3d3-4f61-a397-38e8941ee7d7,NY,1879,9,28,New York,Queens Co.,L.I.,40.7494,-73.9023
0f6132f0-3e4e-4bdb-90df-921c136b149c,NY,,,,New York,Queens Co.,Long Island,40.7494,-73.9023
3adbcef0-2a41-4dfd-9452-792b2c75d066,NY,1922,7,10,New York,Queens Co.,Long Island,40.7494,-73.9023
139f4ffe-3430-40c1-a9e5-595969b16266,NY,1922,9,14,New York,Queens Co.,Long Island,40.7494,-73.9023
fbdda9b6-4daa-4cb2-adbc-7abfa5c1743e,NY,1922,7,21,New York,Queens Co.,Long Island,40.7494,-73.9023
3347756c-179e-405a-aa16-5dea3a703ca7,NY,1922,7,21,New York,Queens Co.,Long Island,40.7494,-73.9023
35d20046-53b3-4e45-a2a5-fa74df85dae2,NY,1919,7,15,New York,Queens Co.,Long Island,40.7494,-73.9023
3a992767-61c7-45cb-b939-6802330615f8,NY,1922,9,14,New York,Queens Co.,Long Island,40.7494,-73.9023
84c0c6ba-4e67-4c24-9fc1-08501893918c,NY,1876,5,21,New York,Bronx Co.,Spuyten Duyvel,40.8811,-73.9166
b343b76e-3f64-4dcd-b19c-bbefbda495a7,NY,2016,10,29,New York,Kings Co.,"Brooklyn. Marine Park, southeast of the Salt Marsh Nature Center and Avenue U. Edge of unpaved road forming a border with grassland planted with Panicum virgatum",40.6041,-73.9277
3ff02102-8f35-4f35-965b-78d9de107856,NY,1936,6,,New York,New York Co.,"Ype tree, steep bank below Riverside Drive.",40.6639,-73.9383
4d7d0901-59ea-4454-8b4d-abc0b3117fb5,NY,1976,6,4,New York,New York Co.,"Central Park, Southeast corner of the Swedish School House on the west side of Central Park roughly in line with 80th Street",40.6639,-73.9383
7e6b8984-6b95-45a6-8ae7-0f98d01e6e52,NY,1936,8,31,New York,New York Co.,"Fort Washington Park, Manhattan.",40.8534,-73.9418
fa8e451d-a8ea-41d4-b1d2-338455244fe0,NY,1936,8,31,New York,New York Co.,"Fort Washington Park, Manhattan.",40.8534,-73.9418
36d1cc89-9a71-48dd-8b97-9b5d291de88d,NY,1936,7,2,New York,New York Co.,Fort Washington Park,40.8534,-73.9418
cb391417-30ff-4d57-a643-b50cc023fb65,NY,2014,6,3,New York,New York Co.,"Central Park, Mount, Compost Area. Between 104th and 105th Sts and between 5th and 6th Aves",40.794,-73.954
cb391417-30ff-4d57-a643-b50cc023fb65,NY,2014,6,3,New York,New York Co.,"Central Park, Mount, Compost Area. Between 104th and 105th Sts and between 5th and 6th Aves",40.794,-73.9543
167d299b-f0ba-422d-9fef-335647d7fd4a,NY,2016,11,30,New York,New York Co.,"Central Park, North Woods, by the Andrew Haswell Green bench, between 105th and 106th Streets, between 5th and 6th Avenues",40.7949,-73.9544
886f57fc-b9a3-4fe3-8378-1cd0e5bced4c,NY,2016,11,30,New York,New York Co.,"Central Park, North Woods, by the Andrew Haswell Green bench, between 105th and 106th Streets, between 5th and 6th Avenues",40.7949,-73.9544
f3222fb4-ea09-4010-b470-d65626506e0e,NY,2014,5,3,New York,New York Co.,"Central Park, North Woods, between 108th and 109th Sts and between Lenox Ave and Adam Clayton Powell Jr Blvd",40.798,-73.9545
c96b866b-6b9d-41cf-b8ef-730f3fef95e8,NY,2016,4,20,New York,New York Co.,"Central Park. North Woods, at northwest corner along Drive, just west of Meer. Between 108th and 109th Streets and between 6th and 7th Avenues",40.7982,-73.9546
d01e853b-f6b1-46ab-b64c-8cb71e408265,NY,2014,8,8,New York,New York Co.,"Central Park, North Woods, the Meadow, between 103rd and 104th Streets, between 7th and 8th Avenues",40.7946,-73.9554
2d55c3f1-2b90-42dc-b8bb-61eb70f304f9,NY,2015,4,22,New York,New York Co.,Central Park. North Woods. Between 108th and 109th Sts and between 7th and 8th Aves,40.799,-73.9562
ee888908-801a-4cd7-93e5-e141e345c3b5,NY,1936,8,22,New York,New York Co.,Morningside Park,40.8065,-73.958
ee888908-801a-4cd7-93e5-e141e345c3b5,NY,1936,8,22,New York,New York Co.,Morningside Park,40.8065,-73.9582
6091e49f-9214-417a-b1f9-63dc71fefb8e,NY,1890,7,5,New York,New York Co.,"E of B'way at Inwood, Manhattan Island",40.7903,-73.9597
6091e49f-9214-417a-b1f9-63dc71fefb8e,NY,1890,7,5,New York,New York Co.,"E of B'way at Inwood, Manhattan Island",40.7903,-73.96
9665345d-49dd-4f19-8b11-f13cfb9dec8f,NY,2016,12,14,New York,New York Co.,"Central Park. Tennis House, northeast of Gothic Arch, south of the transverse road, between 95th and 96th Streets and between 6th and 7th Avenues",40.7893,-73.9604
467cf961-417f-4f9e-a3ef-94a51fe801e0,NY,2016,6,29,New York,New York Co.,Central Park. North Meadow. Between 100th and 101st Streets and between 7th and 8th Avenues,40.7934,-73.9607
0062819b-3acd-4fc0-8847-a2b3b1159a74,NY,2016,9,7,New York,New York Co.,"Central Park. Reservoir, southeast corner, along Bridle Path. Between 86th and 87th Streets and between 5th and 6th Avenues",40.7819,-73.9608
a1ef5ada-7f3b-4d15-a0b1-735d983f869d,NY,2013,8,26,New York,New York Co.,"Central Park, North Meadow, between the North Meadow Recreation Center and the 97th St. Transverse, between 97th and 98th Sts and Adam Clayton Powell Blvd",40.791,-73.9609
0062819b-3acd-4fc0-8847-a2b3b1159a74,NY,2016,9,7,New York,New York Co.,"Central Park. Reservoir, southeast corner, along Bridle Path. Between 86th and 87th Streets and between 5th and 6th Avenues",40.7819,-73.961
1d707245-4fcc-42d2-b725-690c9efbc67e,NY,2014,5,30,New York,New York Co.,"Central Park. Tennis House, north of the Tennis Courts, between 96th and 97th Streets and between 6th and 7th Avenues",40.7905,-73.961
1d707245-4fcc-42d2-b725-690c9efbc67e,NY,2014,5,30,New York,New York Co.,"Central Park. Tennis House, north of the Tennis Courts, between 96th and 97th Streets and between 6th and 7th Avenues",40.7905,-73.9611
dd18f47b-abd2-44d3-ba75-243cac77f718,NY,2016,6,8,New York,New York Co.,"Central Park. Tennis House, at intersection of West Drive and 97th St Transverse. Between 96th and 97th Streets and between 7th and 8th Avenues",40.7911,-73.9624
d0eaf34e-0236-447e-a144-b2ac0308aa16,NY,2014,7,16,New York,New York Co.,"Central Park. Tennis House, at the 97th St Transverse. Between 96th and 97th Streets and between 7th and 8th Avenues",40.7916,-73.9629
b3cd42cd-af8b-41a8-b246-cde72c6b8db8,NY,2014,7,16,New York,New York Co.,"Central Park. Tennis House, at the 97th St Transverse. Between 96th and 97th Streets and between 7th and 8th Avenues",40.7916,-73.9629
d0eaf34e-0236-447e-a144-b2ac0308aa16,NY,2014,7,16,New York,New York Co.,"Central Park. Tennis House, at the 97th St Transverse. Between 96th and 97th Streets and between 7th and 8th Avenues",40.7916,-73.963
89a4ed13-c016-4623-ac58-ed327649475c,NY,2013,8,26,New York,New York Co.,"Central Park, Tennis House, along the West Drive, between 96th and 97th Sts and between Adam Clayton Powell Blvd and Central Park West",40.7912,-73.9634
678f6d9a-b677-4ec8-b121-5dd9b74c8db4,NY,1969,8,8,New York,Kings Co.,Brooklyn Botanic Garden,40.6687,-73.9639
7ea7ba25-04dd-4298-9935-3aca861f5ea2,NY,1876,5,,New York,New York Co.,Central Park,40.7823,-73.9654
46b3cf8b-19d1-454b-91a1-beb078a95d60,NY,2013,10,15,New York,New York Co.,"Central Park, Ramble, between 78th St and 79th St between 6th and 7th Avenues",40.7784,-73.968
3598ccad-fe54-49de-921e-4009cbef7463,NY,2015,5,6,New York,New York Co.,"Central Park. Lake, at the Loeb Boathouse. Between 75th and 76th Streets and between 5th and 6th Avenues",40.7755,-73.9684
46b3cf8b-19d1-454b-91a1-beb078a95d60,NY,2013,10,15,New York,New York Co.,"Central Park, Ramble, between 78th St and 79th St between 6th and 7th Avenues",40.7784,-73.9684
6da47b84-e220-4e84-aeec-95abc5290d3d,NY,2013,10,15,New York,New York Co.,"Central Park, Ramble, at NOAA weather station, between 78th St and 79th St and between 6th and 7th Avenues",40.779,-73.969
6da47b84-e220-4e84-aeec-95abc5290d3d,NY,2013,10,15,New York,New York Co.,"Central Park, Ramble, at NOAA weather station, between 78th St and 79th St and between 6th and 7th Avenues",40.779,-73.9692
7d271829-8f9a-4156-83f7-e39994623144,NY,2013,11,14,New York,New York Co.,"Central Park, Shakespeare and Delacorte, west of Belvedere Castle and E of Shakespeare Garden, slope on north side of 79th St transverse",40.7795,-73.9695
9098d93c-a1e7-4a4f-9108-777fe8c3f50c,NY,2015,5,20,New York,New York Co.,Central Park. Ramble. Between 75th and 76th Streets and between 6th and 7th Avenues,40.7772,-73.9697
7e653820-cdd6-4555-9ace-ccac3cc0f067,NY,2015,5,20,New York,New York Co.,Central Park. Ramble. Between 77th and 78th Streets and between 6th and 7th Avenues,40.7788,-73.97
7d271829-8f9a-4156-83f7-e39994623144,NY,2013,11,14,New York,New York Co.,"Central Park, Shakespeare and Delacorte, west of Belvedere Castle and E of Shakespeare Garden, slope on north side of 79th St transverse",40.7795,-73.97
f852fdf9-47c8-4598-be7d-bd4fbe6fb066,NY,2016,7,27,New York,New York Co.,"Central Park. Lake, at edge of lake just south of the ""Oven"". Between 74th and 75th Streets and between 6th and 7th Avenues",40.7759,-73.9703
7e653820-cdd6-4555-9ace-ccac3cc0f067,NY,2015,5,20,New York,New York Co.,Central Park. Ramble. Between 77th and 78th Streets and between 6th and 7th Avenues,40.7788,-73.9704
517fe97a-356a-42e4-94ec-0db966784567,NY,2016,6,22,New York,New York Co.,"Central Park. Sheep Meadow, northern edge. Between 70th and 71st Streets and between 6th and 7th Avenues",40.7742,-73.9739
517fe97a-356a-42e4-94ec-0db966784567,NY,2016,6,22,New York,New York Co.,"Central Park. Sheep Meadow, northern edge. Between 70th and 71st Streets and between 6th and 7th Avenues",40.7742,-73.974
ea370fc8-c65c-4a89-82d6-0c67127ffbcb,NY,2013,10,3,New York,New York Co.,"Central Park, Hallett Nature Sanctuary, between 61st and 62nd Sts and between 5th and 6th Avenues",40.7659,-73.9744
dde155ed-eb54-4ca8-a350-4f4d9a53e223,NY,2013,10,3,New York,New York Co.,"Central Park, Hallett Nature Sanctuary, between 61st and 62nd Sts and between 5th and 6th Avenues",40.7661,-73.9748
6556198b-3c8e-401e-b3ee-2efaf10681e2,NY,2013,10,3,New York,New York Co.,"Central Park, Hallett Nature Sanctuary, between 61st and 62nd Sts and between 5th and 6th Avenues",40.7662,-73.9748
6556198b-3c8e-401e-b3ee-2efaf10681e2,NY,2013,10,3,New York,New York Co.,"Central Park, Hallett Nature Sanctuary, between 61st and 62nd Sts and between 5th and 6th Avenues",40.7662,-73.975
448c7ae3-e8bc-49fc-a0ce-47eefed4c7f8,NY,2014,5,21,New York,New York Co.,"Central Park, Hallett Nature Sanctuary, between 59th and 60th Street, 6th Avenue",40.7669,-73.975
448c7ae3-e8bc-49fc-a0ce-47eefed4c7f8,NY,2014,5,21,New York,New York Co.,"Central Park, Hallett Nature Sanctuary, between 59th and 60th Street, 6th Avenue",40.7669,-73.975
e014068e-5f10-4b35-8493-bd382dab3719,NY,2015,6,3,New York,New York Co.,"Central Park. Hallett Nature Sanctuary, northwest corner. Between 61st and 62nd Streets and between 5th and 6th Avenues",40.7672,-73.9752
fd765a71-2bbf-417e-aca5-b9c67f1e6b2d,NY,2013,8,27,New York,New York Co.,"Central Park, Heckscher. W of the Heckscher Fields and S of the 65St Transverse, between 64th and 65th Sts and between Central Park West and Adam Clayton Powell Jr. Blvd.",40.7713,-73.9787
7e64941a-53d9-423c-99a5-4ac63695a00a,NY,1914,10,3,New York,Richmond Co.,S.I.,40.582,-74.1049
53a05981-a198-49fc-8b12-8abc8fae7d55,NY,1917,8,13,New York,Richmond Co.,Clove Lake,40.6188,-74.1098
b71c158d-1eca-4ff6-b166-f7e1d11e567c,NY,1914,9,11,New York,Richmond Co.,Oakwood,40.564,-74.116
7efd8baa-77ac-41d5-b65b-428d10faa5df,NY,1891,5,3,New York,Richmond Co.,Staten Island,40.574,-74.116
4c27cfe6-d067-44e4-be4c-5f6ec63e3e7d,NY,1891,5,3,New York,Richmond Co.,,40.574,-74.116
3a9f1b6a-ae7e-4f21-81c1-f9d22df84903,NY,,,,New York,Richmond Co.,,40.574,-74.116
7f3908d1-326e-4c67-8985-2de2b26b2862,NY,1891,11,8,New York,Richmond Co.,New Dorp,40.5726,-74.1161
20960f50-78d3-4637-9624-d8f10a63e66f,NY,1903,8,16,New York,Richmond Co.,Richmond,40.574,-74.1304
4231ae63-300f-44a9-839b-dec4bb2035c9,NY,1892,9,,New York,Richmond Co.,Watchogue,40.6164,-74.1406
1b03daa9-55d0-446c-b499-3b20aa9ff617,NY,1892,9,,New York,Richmond Co.,Watchogue,40.6164,-74.1406
80abcd37-a0e1-43f1-af17-69531f0ed2f8,NY,1894,5,10,New York,Richmond Co.,Watchogue,40.6164,-74.1406
9caaec93-fca2-45e4-8667-2c842ae50fbe,NY,1914,9,11,New York,Richmond Co.,Staten Island.,40.5639,-74.1462
7f209202-bae8-48ae-a1fe-3c6a8c065ae7,NY,1914,8,16,New York,Richmond Co.,Staten Island.,40.5639,-74.1462
290da0ab-399a-4e80-aac5-97de24788d9c,NY,1903,10,20,New York,Richmond Co.,,40.5639,-74.1462
deae749e-94e3-4f9e-9d9f-d0f1b2f1aeac,NY,1903,9,18,New York,Richmond Co.,,40.5639,-74.1462
c6de6629-e5d9-4489-9921-691fbf5178ed,NY,1902,9,21,New York,Richmond Co.,,40.5639,-74.1462
4fa9b67f-0204-4dba-a1bf-20b0030a8861,NY,,,,New York,Richmond Co.,,40.5639,-74.1462
eb3e61e1-4a43-46eb-98c1-0cc260ca3494,NY,1905,10,15,New York,Richmond Co.,,40.5639,-74.1462
0ea716b4-8552-4433-9966-5465c20d6cdb,NY,1905,10,15,New York,Richmond Co.,,40.5639,-74.1462
5261ca75-0f64-4b14-9357-528da8270736,NY,1905,10,15,New York,Richmond Co.,,40.5639,-74.1462
bf5a2fe5-29b1-4ba9-a6d1-c800f8930f5b,NY,1905,10,22,New York,Richmond Co.,,40.6323,-74.1651
93320a3d-b4b3-4d66-986b-3b8399cfc248,NY,1917,9,16,New York,Richmond Co.,Green Ridge,40.5612,-74.1699
2e3ac6f3-2775-4846-aafd-71400d0a5a32,NY,1870,8,6,New York,Richmond Co.,Huguenotte (Arbutus Lake),40.5232,-74.1781
dd0d75d0-5074-4f1d-8d96-ba27c9480fde,NY,2015,8,30,New York,Richmond Co.,"Staten Island. Fresh Kills Park. SSE of Victory Boulevard and E of Route 440, bordered on the south and east by tidal marsh",40.5876,-74.182
c00f5ac1-9b0b-4f94-bef6-199c7d7e4f11,NY,1904,8,10,New York,Richmond Co.,Richmond Valley,40.5201,-74.2293
72a3e17b-22ba-4c38-8eae-ec59fb0065da,NY,1904,5,21,New York,Richmond Co.,Richmond Valley,40.5201,-74.2293
60efdbe7-6c0d-4bc9-a084-808336a06f92,NY,1905,5,14,New York,Richmond Co.,Richmond Valley,40.5201,-74.2293
21383c9a-af0f-472c-9880-abbff3dcaf9d,NY,1904,5,14,New York,Richmond Co.,Richmond Valley,40.5201,-74.2293
f9899307-d8ed-4b49-86b3-e8fd91766de1,NY,1922,10,28,New York,Richmond Co.,Richmond Valley,40.5201,-74.2293
e17ae29d-1c96-44c5-8659-79b5e558ea52,NY,1922,10,28,New York,Richmond Co.,Richmond Valley,40.5201,-74.2293
277dd1b1-1dcb-4208-a771-9947a48d7018,NY,1922,10,28,New York,Richmond Co.,Richmond Valley,40.5201,-74.2293
fec0c265-0eea-4a85-963e-bb7ffd1709c0,NY,1922,10,28,New York,Richmond Co.,Richmond Valley,40.5201,-74.2293
c53b230f-a1ee-4013-915f-c41340572a93,NY,1905,9,24,New York,Richmond Co.,NSW of No. 3. Richmond Valley,40.5201,-74.2293
0159418c-da59-4fb6-abcb-29e74fef5803,NY,1920,11,12,New York,Richmond Co.,Richmond Valley,40.5201,-74.2293
68fedf7d-9933-407f-96a4-551a85c74df2,NY,1905,10,22,New York,Richmond Co.,Richmond Valley,40.5201,-74.2293
c45f2fdd-a424-4b98-a42f-607d55f31f4e,NY,1905,10,22,New York,Richmond Co.,East of No. 1. Richmond Valley,40.5201,-74.2293
7c74dcfc-b7e5-495c-a3f5-53f3c057e88f,NY,1903,10,4,New York,Richmond Co.,Richmond Valley,40.5201,-74.2293
3ef1fda8-8bc8-4010-9e82-f36fd226e21f,NY,1922,10,28,New York,Richmond Co.,Richmond Valley,40.5201,-74.2293
482243dd-568e-4fc6-b62c-8726abdc44a5,NY,1905,10,22,New York,Richmond Co.,Richmond Valley,40.5201,-74.2293
a61a939e-d935-49fe-9946-b42ea4b3c670,NY,1884,5,11,New York,Richmond Co.,,40.5085,-74.2395
05243988-c15b-4447-9110-0857515cfc69,NY,,,,New York,Richmond Co.,,40.5085,-74.2395
d677d232-31c1-47c5-b408-52f60403aa03,NY,1888,9,22,New York,Richmond Co.,Tottenville,40.5085,-74.2395
67f2beba-d7b0-4882-9c97-49ed01c96b09,NY,,,,New York,Richmond Co.,,40.5085,-74.2395
28770c1d-8dcb-4f7b-a9e2-7060ae5ef391,NY,1888,9,22,New York,Richmond Co.,,40.5085,-74.2395
bccb942f-8329-4f4e-8ae4-1b367830f1f9,NY,1890,8,2,New York,Richmond Co.,vicinity of Tottenville,40.5112,-74.2493
108bd0ac-65c0-4aca-9be4-217a89f4d8ea,NY,,,,New York,Bronx Co.,"Arboretum, New York Botanical Garden",,
3e2ee994-615b-491c-ae84-b32354675038,NY,,,,New York,Bronx Co.,[Swamp Jerome Ave],,
ff6c8fb5-57be-476a-b3b6-bd7607316ab4,NY,1973,10,27,New York,Bronx Co.,Lehman College campus,,
490999a9-266f-4c7e-8f12-e1c37be34f6b,NY,,,,New York,Bronx Co.,New York Botanical Garden Arboretum,,
526c52ac-2b5f-4bd4-b052-110accc760c8,NY,1912,9,25,New York,Bronx Co.,"Tree E of Museum Building, NYBG",,
6478ac6f-cc00-43d1-9b04-4377230686d9,NY,,,,New York,Bronx Co.,New York Botanical Garden Nursery,,
a48deeb7-6efc-4999-8e18-abf4bdcc5895,NY,1985,11,2,New York,Bronx Co.,"New York Botanical Garden, city park on NW side of NYBG",,
3c921cf9-06ab-434d-9af9-1e7b9539593e,NY,1880,10,24,New York,New York Co.,8th Ave. & 155 St. Bridge,,
9308412d-2d1b-461d-8439-d10f083e090b,NY,1886,10,9,New York,Richmond Co.,Staten Island. North of Arden,,
32fd8ac5-7553-4f16-a6ae-cfab6f72a38b,NY,,,,New York,Bronx Co.,"New York Botanical Garden, Arboretum",,
49c075cc-0577-489b-82a9-03d2804e6ec7,NY,,,,New York,Bronx Co.,"New York Botanical Garden, Arboretum",,
43e70fd4-33a7-402d-81d5-252018bea229,NY,1903,9,,New York,Bronx Co.,"New York Botanical Garden, Arb.",,
5d234363-1205-4bac-b0de-54fa433cd9a9,NY,,,,New York,Bronx Co.,"New York Botanical Garden, Arboretum",,
f9a522a0-0ce5-4d70-8380-1365f0b8f29a,NY,,,,New York,Queens Co.,Pine Island,,
0ad0d6b9-2938-47bd-9b4f-13d1bffa511d,NY,1932,10,12,New York,Bronx Co.,in cultivation at the New York Botanical Garden,,
ef0333b6-ab9c-468a-922f-96e5d7e8740a,NY,1905,10,22,New York,Richmond Co.,south of Arlington,,
12951266-f9b1-4ef6-9db6-6383758072c2,NY,1891,9,20,New York,New York Co.,West shore of Harlem [Riv.],,
d367cc78-8af0-4dd0-9937-0e995c22301e,NY,1993,5,6,New York,Bronx Co.,"New York Botanical Garden, oak collection in area along Bronx River Parkway",,
20486343-b240-439b-9784-059f82b8cca2,NY,1976,6,8,New York,Kings Co.,"Prospect Park, just west of East Drive and a block or two east of the boat house",,
c7c4326e-b877-4edd-b118-a43f36e04b6f,NY,,,,New York,Bronx Co.,"New York Botanical Garden, Arboretum",,
4b1e03ed-ea8e-4862-8ab3-5ca5a8adb551,NY,1880,10,24,New York,New York Co.,155 St & 8th Ave,,
8ec618b3-f0e9-40a9-b2dc-8080b9331dd1,NY,1903,9,,New York,Bronx Co.,The New York Botanical Garden. Arboretum,,
71e64710-7eff-477a-8c24-279c78c18902,NY,1893,9,17,New York,New York Co.,West of Harlem River,,
9a70ec51-ccaa-4ec3-8c77-f501014cb0c6,NY,1936,7,,New York,New York Co.,"Woods , Ft. Washington Park , New York City.",,
7736e3eb-31cc-4639-8bde-0583f935419f,NY,,,,New York,Richmond Co.,"Staten Island, NYC",,
3637be58-094b-470e-8ce5-ecee397f39bb,NY,1934,6,13,New York,Bronx Co.,"New York Botanical Garden, Spath",,
5e9abb0f-7b89-414c-9c42-7f5002c5a85b,NY,1990,9,1,New York,Bronx Co.,"cultivated on the grounds of the New York Botanical Garden, N side of Museum building",,
6f408d9a-9528-4d01-b0c1-3b8688f7d554,NY,1905,9,22,New York,Richmond Co.,NE of pumping station. Richmond Valley,,
89ea4a77-e4a1-4ba1-9850-70ec516291ee,NY,,,,New York,Bronx Co.,"New York Botanical Garden, Arboretum",,
71339165-7f7d-4820-9be2-834ce3207a8a,NY,,,,New York,Bronx Co.,"New York Botanical Garden, Arboretum",,
9d8203dd-3304-499d-901a-1aa29e57f755,NY,,,,New York,Bronx Co.,"Arboretum, New York Botanical Garden",,
d6d267de-2d90-4a39-9b9b-38157b244f8b,NY,1975,6,16,New York,Bronx Co.,near RR station by N.Y.B.G.,,
297f83ab-1919-4859-aeb1-8725cbd3cb30,NY,,,,New York,Bronx Co.,"Arboretum, New York Botanical Garden",,
772374d7-e9fa-421d-b1a0-480281278459,NY,,,,New York,Bronx Co.,"Arboretum, New York Botanical Garden",,
2bc7b7b7-9248-47ef-8415-e4d8586862f9,NY,,,,New York,Bronx Co.,New York Botanical Garden Arboretum,,
cc775a6a-32c1-475f-9b83-30d45130a5ab,NY,1976,2,27,New York,Bronx Co.,raised at N.Y.B.G. Research Greenhouse,,
ab6b0050-d650-4429-9030-026a0931f485,NY,1976,3,17,New York,Bronx Co.,raised in the N.Y.B.G. Research Greenhouse,,
7dd8e341-b962-406c-9558-ce0cadca6c1a,NY,1976,6,1,New York,Bronx Co.,near Botanical Garden Station of Conrail,,
1cd429b9-2c8d-4b6a-95ea-055797dfd1b7,NY,,,,New York,Bronx Co.,New York Botanical Garden Arboretum,,
aa776123-cfb7-4b3f-bee1-359ac7e55ef8,NY,,,,New York,Bronx Co.,The New York Botanical Garden Arboretum,,
745686c6-1441-4162-b5a7-15b9222d5508,NY,1975,6,16,New York,Bronx Co.,Near Botanical Garden Station of Penn Central Railroad,,
5e76b161-bf36-47b7-8ebb-0ef60aaa705a,NY,,,,New York,Bronx Co.,The New York Botanical Garden Arboretum,,
20e7ae40-1415-4f5f-b123-9e04b4c3537d,NY,,,,New York,Bronx Co.,The New York Botanical Garden Nursery,,
811a5699-e642-4d9d-83c0-1f487c7fa637,NY,1916,8,24,New York,Bronx Co.,"New York Botanical Garden, Arboretum",,
18887e86-c3ae-449c-b2a4-96916438cd81,NY,1916,8,24,New York,Bronx Co.,"New York Botanical Garden, Arboretum",,
d81619b3-5401-45dd-a18b-d4889b6ec2c3,NY,1916,8,24,New York,Bronx Co.,"New York Botanical Garden, Arboretum",,
68d96678-2abe-482d-98ad-9f0e7cf910f2,NY,1916,8,24,New York,Bronx Co.,"New York Botanical Garden, Arboretum",,
0e94d7e1-248c-4330-b434-66dc6789b6fa,NY,1944,5,11,New York,Bronx Co.,"New York Botanical Garden, Arboretum",,
e507c7fa-8cb8-4858-899e-a370f68e3d80,NY,1916,8,23,New York,Bronx Co.,"New York Botanical Garden, Arboretum",,
02395320-257b-4a9f-a907-48a21ce0c673,NY,1916,8,23,New York,Bronx Co.,"New York Botanical Garden, Arboretum",,
51d0f604-f142-424d-bf2d-9fe66aff161f,NY,1937,5,7,New York,Bronx Co.,"New York Botanical Garden, Fruticetum",,
2a4d9217-03bf-4f6b-8789-35be10dc82c5,NY,1920,,,New York,Bronx Co.,"New York Botanical Garden, Arboretum",,
7f8d8f33-6759-4c80-b1e9-58c33af91aff,NY,1917,5,24,New York,Bronx Co.,"New York Botanical Garden, Arboretum",,
a265aaaa-cae6-44d4-b879-7210caed9d1e,NY,1906,4,25,New York,Bronx Co.,"New York Botanical Garden, Arboretum",,
c7208428-9b64-4c10-bf00-0c13738f0329,NY,1917,5,19,New York,Bronx Co.,"New York Botanical Garden, Arboretum",,
8613d1a3-0fe4-45bd-a097-a76c2319228c,NY,1915,4,28,New York,Bronx Co.,"New York Botanical Garden, Arboretum",,
3459d0b1-b6dd-412a-9707-33b60edcc905,NY,1920,,,New York,Bronx Co.,"New York Botanical Garden, Arboretum",,
0b18f900-2622-4ea3-bfce-a9c693132e47,NY,1944,5,11,New York,Bronx Co.,"New York Botanical Garden, Arboretum",,
fdc84343-e7d0-4c20-aa7b-6f3f4e517eba,NY,1916,8,21,New York,Bronx Co.,"New York Botanical Garden, Arboretum",,
35e2dc21-d1b3-4547-ac21-b9b708ad479c,NY,1920,,,New York,Bronx Co.,"New York Botanical Garden, Arboretum",,
c254f891-740e-405b-81a9-e0a1bf6f92eb,NY,,,,New York,Bronx Co.,"New York Botanical Garden, Arboretum",,
dafa7669-f164-4b52-a2fa-9ebf0da89eb1,NY,1944,5,11,New York,Bronx Co.,"New York Botanical Garden, Arboretum",,
ddb2bf01-4e83-4915-9ae8-db0dcb049ec7,NY,1919,10,10,New York,Bronx Co.,"New York Botanical Garden, Arboretum",,
ff373e68-9b55-4604-9c24-496912a406cd,NY,1922,,,New York,Bronx Co.,"New York Botanical Garden, Arboretum",,
c97a87a9-7ea1-4b2d-8428-e4881aa3147e,NY,1917,11,5,New York,Bronx Co.,"New York Botanical Garden, Arboretum",,
76c43965-0fe6-4b3d-83be-bbd9b440a20b,NY,1916,8,24,New York,Bronx Co.,"New York Botanical Garden, Arboretum",,
62d0d79f-9a5a-4957-b8be-e5384c827281,NY,1945,4,10,New York,Bronx Co.,"New York Botanical Garden, Collection",,
680c6cc5-036b-4c80-b3f9-6d813dc4e412,NY,1915,4,24,New York,Bronx Co.,"New York Botanical Garden, Arboretum",,
80fdd72a-220e-4d84-831a-2668c992b4ee,NY,1945,4,18,New York,Bronx Co.,"New York Botanical Garden, Collection",,
0cd18bc1-18f4-49cc-99bf-943735925da3,NY,1944,5,10,New York,Bronx Co.,"New York Botanical Garden, Arboretum",,
9b7edeb9-f1e0-401f-a104-1dcd094efefb,NY,1905,5,18,New York,Bronx Co.,"New York Botanical Garden, Aboretum",,
ab9d8db0-0e30-4371-8f4e-b660dd53502f,NY,1916,8,24,New York,Bronx Co.,"New York Botanical Garden, Arboretum",,
e4d7dd4a-d3c8-4e01-983f-b921d0ba1f09,NY,1904,8,16,New York,Bronx Co.,"New York Botanical Garden, Arboretum",,
749f01f5-e06a-45c4-b207-2fa9b5988797,NY,1904,8,16,New York,Bronx Co.,"New York Botanical Garden, Arboretum",,
84ff4a44-16c1-4d77-9e6a-2069c16fc4d9,NY,1915,4,20,New York,Bronx Co.,"New York Botanical Garden, Arboretum",,
bf3a77f3-93ca-4bde-8da1-2bd8c6660053,NY,,,,New York,Bronx Co.,"New York Botanical Garden, Arboretum",,
8003fe77-fac4-41f1-a141-d0647330d3a8,NY,,,,New York,Bronx Co.,"New York Botanical Garden, Arboretum",,
97c89db7-03c2-481f-9c57-24a07a11a84a,NY,1920,,,New York,Bronx Co.,"New York Botanical Garden, Arboretum",,
9c0fd1ce-6adf-4c91-b236-2a5e459b097b,NY,,,,New York,Bronx Co.,"New York Botanical Garden, Arboretum",,
b143d01a-a7c0-4bf7-8d78-97c783c3109c,NY,1903,9,,New York,Bronx Co.,"New York Botanical Garden, Arb.",,
ac7d5916-794f-41bf-bd20-34586cca0693,NY,,,,New York,Bronx Co.,"New York Botanical Garden, Nursery",,
7e8d834d-1265-4be4-9f82-c8933e0c55e3,NY,1898,10,4,New York,Bronx Co.,"New York Botanical Garden, West Nursery",,
e2fdbdc9-6a6e-4c2d-8ed8-bfb6df2ded0e,NY,1935,7,23,New York,New York Co.,New York City,,
52e2e26e-5846-4834-be25-cf7f5bbffa57,NY,1935,7,23,New York,New York Co.,New York City,,
a0754b08-fbd1-4d8a-a13b-0ee4e98a3dc7,NY,,,,New York,Bronx Co.,"New York Botanical Garden, Arboretum",,
4dd48b96-4284-4ddf-b215-6b7bd7d4b7e2,NY,1903,9,,New York,Bronx Co.,"New York Botanical Garden, Arb.",,
d4a26326-6d08-4193-9277-a222215137ca,NY,,,,New York,Bronx Co.,"New York Botanical Garden, Arboretum",,
d996bf5e-07e5-490e-a79c-e9fcee64eee8,NY,,,,New York,Bronx Co.,"New York Botanical Garden, Arboretum",,
19f89542-bb66-49c0-88f6-9fe5503e8488,NY,,,,New York,Bronx Co.,"New York Botanical Garden, Arboretum",,
c3841919-b935-4a2d-b00e-a08120c894c7,NY,,,,New York,Bronx Co.,"New York Botanical Garden, Arboretum",,
459290dd-3420-4025-bb04-50215e4579dc,NY,1934,4,6,New York,Bronx Co.,"New York Botanical Garden, SPATH",,
ecff7767-d0fa-443c-bca7-8fb4d2263507,NY,1969,7,9,New York,Bronx Co.,N.Y. Botanical Garden. in Conservatory,,
32fb4ac6-d92b-45f3-8215-eb0d2f7a2520,NY,,,,New York,Bronx Co.,"Arboretum, New York Botanical Garden",,
0b80ba5d-3bc3-4322-aa05-bcd5536bb454,NY,1936,8,22,New York,New York Co.,Riverside Drive near 99th st.,,
d228e232-e771-473b-a283-8d7f06f9471e,NY,,,,New York,Bronx Co.,"Arboretum, New York Botanical Garden",,
1cea9b14-f365-4b4a-8c93-b25a0cd53607,NY,,,,New York,Bronx Co.,"Arboretum, New York Botanical Garden",,
802a9fa4-321e-4c9b-a4dd-e738e88951d3,NY,,,,New York,Bronx Co.,"Arboretum, New York Botanical Garden",,
a48deeb7-6efc-4999-8e18-abf4bdcc5895,NY,1985,11,2,New York,Bronx Co.,"New York Botanical Garden, city park on NW side of NYBG",,
c97a87a9-7ea1-4b2d-8428-e4881aa3147e,NY,1917,11,5,New York,Bronx Co.,"New York Botanical Garden, Arboretum",,
02395320-257b-4a9f-a907-48a21ce0c673,NY,1916,8,23,New York,Bronx Co.,"New York Botanical Garden, Arboretum",,
68d96678-2abe-482d-98ad-9f0e7cf910f2,NY,1916,8,24,New York,Bronx Co.,"New York Botanical Garden, Arboretum",,
80fdd72a-220e-4d84-831a-2668c992b4ee,NY,1945,4,18,New York,Bronx Co.,"New York Botanical Garden, Collection",,
76c43965-0fe6-4b3d-83be-bbd9b440a20b,NY,1916,8,24,New York,Bronx Co.,"New York Botanical Garden, Arboretum",,
ff373e68-9b55-4604-9c24-496912a406cd,NY,1922,,,New York,Bronx Co.,"New York Botanical Garden, Arboretum",,
811a5699-e642-4d9d-83c0-1f487c7fa637,NY,1916,8,24,New York,Bronx Co.,"New York Botanical Garden, Arboretum",,
e4d7dd4a-d3c8-4e01-983f-b921d0ba1f09,NY,1904,8,16,New York,Bronx Co.,"New York Botanical Garden, Arboretum",,
0b18f900-2622-4ea3-bfce-a9c693132e47,NY,1944,5,11,New York,Bronx Co.,"New York Botanical Garden, Arboretum",,
3459d0b1-b6dd-412a-9707-33b60edcc905,NY,1920,,,New York,Bronx Co.,"New York Botanical Garden, Arboretum",,
e2fdbdc9-6a6e-4c2d-8ed8-bfb6df2ded0e,NY,1935,7,23,New York,New York Co.,New York City,,
52e2e26e-5846-4834-be25-cf7f5bbffa57,NY,1935,7,23,New York,New York Co.,New York City,,
a0754b08-fbd1-4d8a-a13b-0ee4e98a3dc7,NY,,,,New York,Bronx Co.,"New York Botanical Garden, Arboretum",,
4dd48b96-4284-4ddf-b215-6b7bd7d4b7e2,NY,1903,9,,New York,Bronx Co.,"New York Botanical Garden, Arb.",,
7e8d834d-1265-4be4-9f82-c8933e0c55e3,NY,1898,10,4,New York,Bronx Co.,"New York Botanical Garden, West Nursery",,
108bd0ac-65c0-4aca-9be4-217a89f4d8ea,NY,,,,New York,Bronx Co.,"Arboretum, New York Botanical Garden",,
0b80ba5d-3bc3-4322-aa05-bcd5536bb454,NY,1936,8,22,New York,,Riverside Drive near 99th st.,,
d228e232-e771-473b-a283-8d7f06f9471e,NY,,,,New York,Bronx Co.,"Arboretum, New York Botanical Garden",,
1cea9b14-f365-4b4a-8c93-b25a0cd53607,NY,,,,New York,Bronx Co.,"Arboretum, New York Botanical Garden",,
802a9fa4-321e-4c9b-a4dd-e738e88951d3,NY,,,,New York,Bronx Co.,"Arboretum, New York Botanical Garden",,
297f83ab-1919-4859-aeb1-8725cbd3cb30,NY,,,,New York,Bronx Co.,"Arboretum, New York Botanical Garden",,
20e7ae40-1415-4f5f-b123-9e04b4c3537d,NY,,,,New York,,The New York Botanical Garden Nursery,,
490999a9-266f-4c7e-8f12-e1c37be34f6b,NY,,,,New York,,New York Botanical Garden Arboretum,,
526c52ac-2b5f-4bd4-b052-110accc760c8,NY,1912,9,25,New York,,"Tree E of Museum Building, NYBG",,
6478ac6f-cc00-43d1-9b04-4377230686d9,NY,,,,New York,,New York Botanical Garden Nursery,,
,,,,,,,,,
,,,,,,,,,
,,,,,,,,,
,,,,,,,,,
,,,,,,,,,
,,,,,,,,,
,,,,,,,,,
,,,,,,,,,
,,,,,,,,,
,,,,,,,,,
,,,,,,,,,
,,,,,,,,,
,,,,,,,,,
,,,,,,,,,
,,,,,,,,,
,,,,,,,,,
,,,,,,,,,