occurrenceID,institutionCode,basisOfRecord,catalogNumber,recordedBy,recordNumber,year,month,day,continent,country,stateProvince,county,locality,decimalLatitude,decimalLongitude,georeferenceProtocol,coordinateUncertaintyInMeters,kingdom,phylum,class,order,family,genus,specificEpithet,infraspecificEpithet,scientificName,Origin,identifiedBy,yearIdentified,dcterms:references,associatedMedia,Notes,Herbivory Avg,Leaf 1,Leaf 2,Leaf 3,Leaf 4,Leaf 5,Leaf 6,Leaf 7,Leaf 8,Leaf 9,Leaf 10
1d707245-4fcc-42d2-b725-690c9efbc67e,NY,PreservedSpecimen,2450068,D. E. Atha,14468,2014,5,30,North America,United States of America,New York,New York Co.,"Central Park. Tennis House, north of the Tennis Courts, between 96th and 97th Streets and between 6th and 7th Avenues",40.7905,-73.9611,GPS,25,Plantae,Magnoliophyta,,Rosales,Rosaceae,Prunus,serotina,,Prunus serotina,Native,D. E. Atha,2015,http://sweetgum.nybg.org/science/vh/specimen_details.php?irn=2643278,,,2.8,0,0,3,1,1,23,0,0,0,0
d0eaf34e-0236-447e-a144-b2ac0308aa16,NY,PreservedSpecimen,2456381,D. E. Atha,14731,2014,7,16,North America,United States of America,New York,New York Co.,"Central Park. Tennis House, at the 97th St Transverse. Between 96th and 97th Streets and between 7th and 8th Avenues",40.7916,-73.9629,GPS,,Plantae,Magnoliophyta,,Rosales,Rosaceae,Prunus,serotina,,Prunus serotina,Native,D. E. Atha,2015,http://sweetgum.nybg.org/science/vh/specimen_details.php?irn=2686845,,,8.444444444,0,0,9,63,3,0,1,0,0,
448c7ae3-e8bc-49fc-a0ce-47eefed4c7f8,NY,PreservedSpecimen,2688810,R. Alvarez,201409,2014,5,21,North America,United States of America,New York,New York Co.,"Central Park, Hallett Nature Sanctuary, between 59th and 60th Street, 6th Avenue",40.7669,-73.975,,,Plantae,Magnoliophyta,,Rosales,Rosaceae,Prunus,serotina,,Prunus serotina,Native,R. Alvarez,2015,http://sweetgum.nybg.org/science/vh/specimen_details.php?irn=2986086,,,1.6,0,0,0,0,0,0,0,16,0,0
0bafeaad-38ef-4d96-9183-9341f6546cb2,NY,PreservedSpecimen,2360408,J. L. Luteyn,8083,1991,5,23,North America,United States of America,New York,Bronx Co.,The New York Botanical Garden,40.8624,-73.8781,"Georeferencing Quick Reference Guide, Version 2012",774.389,Plantae,Magnoliophyta,,Rosales,Rosaceae,Prunus,serotina,,Prunus serotina,Native,D. E. Atha,2015,http://sweetgum.nybg.org/science/vh/specimen_details.php?irn=2554011,http://sweetgum.nybg.org/images3/1833/160/02360408.jpg,,0.6,1,4,0,0,1,0,0,0,0,0
a48deeb7-6efc-4999-8e18-abf4bdcc5895,NY,PreservedSpecimen,2850952,M. H. Nee,32065,1985,11,2,North America,United States of America,New York,Bronx Co.,"New York Botanical Garden, city park on NW side of NYBG",,,Georeferencing Quick Reference Guide (Zermoglio et,,Plantae,Magnoliophyta,,Rosales,Rosaceae,Prunus,serotina,,Prunus serotina,Native,,,http://sweetgum.nybg.org/science/vh/specimen_details.php?irn=3153902,http://sweetgum.nybg.org/images3/2396/026/02850952.jpg,,1.4,0,0,1,0,1,10,0,2,0,0
3a455394-8d71-47c7-8b11-c2444a77300d,NY,PreservedSpecimen,2851284,M. H. Nee,57174,2010,7,25,North America,United States of America,New York,Bronx Co.,"along Mosholu Parkway, parkland between the parkway and the street E Mosholu Parkway S.",40.8703,-73.8811,,,Plantae,Magnoliophyta,,Rosales,Rosaceae,Prunus,serotina,,Prunus serotina,Native,,,http://sweetgum.nybg.org/science/vh/specimen_details.php?irn=3158641,http://sweetgum.nybg.org/images3/2394/030/02851284.jpg,,0.3,0,0,1,1,0,0,0,1,0,0
4365a7d4-0ca9-44af-96bb-0b52170c93f1,NY,PreservedSpecimen,1844736,A. W. Cahilly,10,1985,5,15,North America,United States of America,New York,Bronx Co.,"Grounds of The New York Botanical Garden, Forest Grid Number 105",40.8622,-73.8765,,,Plantae,Magnoliophyta,,Rosales,Rosaceae,Prunus,serotina,,Prunus serotina,Native,D. E. Atha,2015,http://sweetgum.nybg.org/science/vh/specimen_details.php?irn=1247499,http://sweetgum.nybg.org/images3/1833/071/01844736.jpg,,1.9,0,0,0,2,8,0,0,2,0,7
e8e976de-818d-488e-8582-1e11b404cbb6,NY,PreservedSpecimen,1844737,W. Nieder,53,1986,5,19,North America,United States of America,New York,Bronx Co.,"Grounds of The New York Botanical Garden, Forest Grid Number 123",40.8649,-73.8753,,,Plantae,Magnoliophyta,,Rosales,Rosaceae,Prunus,serotina,,Prunus serotina,Native,D. E. Atha,2015,http://sweetgum.nybg.org/science/vh/specimen_details.php?irn=1247501,http://sweetgum.nybg.org/images3/1833/072/01844737.jpg,,3.4,0,5,21,4,2,1,0,0,0,1
b6b70425-ebd7-4358-9df6-1d00d22513ee,NY,PreservedSpecimen,2850965,P. Wilson,s.n.,,,,North America,United States of America,New York,Queens Co.,N.Y. Parental School,40.7354,-73.8171,"Georeferencing Quick Reference Guide, Version 2012",202.569,Plantae,Magnoliophyta,,Rosales,Rosaceae,Prunus,serotina,,Prunus serotina,Native,,,http://sweetgum.nybg.org/science/vh/specimen_details.php?irn=3153915,http://sweetgum.nybg.org/images3/2396/039/02850965.jpg,,12.3,0,7,1,3,2,1,68,0,29,12
c4c84c6b-08bd-4db8-826f-4b8c281d4cd0,NY,PreservedSpecimen,2851000,N. L. Britton,s.n.,1883,6,2,North America,United States of America,New York,Queens Co.,,40.7494,-73.9023,"Georeferencing Quick Reference Guide, Version 2012",1251.57,Plantae,Magnoliophyta,,Rosales,Rosaceae,Prunus,serotina,,Prunus serotina,Native,,,http://sweetgum.nybg.org/science/vh/specimen_details.php?irn=3153950,http://sweetgum.nybg.org/images3/2392/175/02851000.jpg,,4.2,26,0,0,2,1,3,5,1,4,0
c97a87a9-7ea1-4b2d-8428-e4881aa3147e,NY,PreservedSpecimen,2851436,J. Hartling,45844,1917,11,5,North America,United States of America,New York,Bronx Co.,"New York Botanical Garden, Arboretum",,,"Georeferencing Quick Reference Guide, Version 2012",,Plantae,Magnoliophyta,,Rosales,Rosaceae,Prunus,serrulata,,Prunus serrulata,Non-native,,,http://sweetgum.nybg.org/science/vh/specimen_details.php?irn=3158952,http://sweetgum.nybg.org/images3/2394/063/02851436.jpg,,16,54,19,10,4,2,7,,,,
02395320-257b-4a9f-a907-48a21ce0c673,NY,PreservedSpecimen,2851455,J. Hartling,33709,1916,8,23,North America,United States of America,New York,Bronx Co.,"New York Botanical Garden, Arboretum",,,"Georeferencing Quick Reference Guide, Version 2012",,Plantae,Magnoliophyta,,Rosales,Rosaceae,Prunus,serrulata,,Prunus serrulata,Non-native,,,http://sweetgum.nybg.org/science/vh/specimen_details.php?irn=3158984,http://sweetgum.nybg.org/images3/2388/301/02851455.jpg,,24.6,2,6,24,0,9,11,46,71,58,19
68d96678-2abe-482d-98ad-9f0e7cf910f2,NY,PreservedSpecimen,2851452,J. Hartling,37452,1916,8,24,North America,United States of America,New York,Bronx Co.,"New York Botanical Garden, Arboretum",,,"Georeferencing Quick Reference Guide, Version 2012",,Plantae,Magnoliophyta,,Rosales,Rosaceae,Prunus,serrulata,,Prunus serrulata,Non-native,,,http://sweetgum.nybg.org/science/vh/specimen_details.php?irn=3158978,http://sweetgum.nybg.org/images3/2388/298/02851452.jpg,,6.3,0,2,3,12,36,9,0,1,0,0
80fdd72a-220e-4d84-831a-2668c992b4ee,NY,PreservedSpecimen,2851443,R. Nauss,46/40,1945,4,18,North America,United States of America,New York,Bronx Co.,"New York Botanical Garden, Collection",,,"Georeferencing Quick Reference Guide, Version 2012",,Plantae,Magnoliophyta,,Rosales,Rosaceae,Prunus,serrulata,,Prunus serrulata,Non-native,,,http://sweetgum.nybg.org/science/vh/specimen_details.php?irn=3158960,http://sweetgum.nybg.org/images3/2394/070/02851443.jpg,,1.9,1,4,0,0,3,0,0,6,3,2
76c43965-0fe6-4b3d-83be-bbd9b440a20b,NY,PreservedSpecimen,2851438,J. Hartling,37447a,1916,8,24,North America,United States of America,New York,Bronx Co.,"New York Botanical Garden, Arboretum",,,"Georeferencing Quick Reference Guide, Version 2012",,Plantae,Magnoliophyta,,Rosales,Rosaceae,Prunus,serrulata,,Prunus serrulata,Non-native,,,http://sweetgum.nybg.org/science/vh/specimen_details.php?irn=3158954,http://sweetgum.nybg.org/images3/2394/065/02851438.jpg,,4.2,0,2,34,2,0,0,1,2,1,0
ff373e68-9b55-4604-9c24-496912a406cd,NY,PreservedSpecimen,2851435,J. Hartling,45839,1922,,,North America,United States of America,New York,Bronx Co.,"New York Botanical Garden, Arboretum",,,"Georeferencing Quick Reference Guide, Version 2012",,Plantae,Magnoliophyta,,Rosales,Rosaceae,Prunus,serrulata,,Prunus serrulata,Non-native,,,http://sweetgum.nybg.org/science/vh/specimen_details.php?irn=3158951,http://sweetgum.nybg.org/images3/2394/062/02851435.jpg,should we count?,36.66666667,83,57,42,59,26,18,15,11,19,
811a5699-e642-4d9d-83c0-1f487c7fa637,NY,PreservedSpecimen,2851448,J. Hartling,37447b,1916,8,24,North America,United States of America,New York,Bronx Co.,"New York Botanical Garden, Arboretum",,,"Georeferencing Quick Reference Guide, Version 2012",,Plantae,Magnoliophyta,,Rosales,Rosaceae,Prunus,serrulata,,Prunus serrulata,Non-native,,,http://sweetgum.nybg.org/science/vh/specimen_details.php?irn=3158970,http://sweetgum.nybg.org/images3/2388/294/02851448.jpg,,9.8,22,7,1,23,30,3,10,0,2,0
e4d7dd4a-d3c8-4e01-983f-b921d0ba1f09,NY,PreservedSpecimen,2851446,G. V. Nash,2591,1904,8,16,North America,United States of America,New York,Bronx Co.,"New York Botanical Garden, Arboretum",,,"Georeferencing Quick Reference Guide, Version 2012",,Plantae,Magnoliophyta,,Rosales,Rosaceae,Prunus,serrulata,,Prunus serrulata,Non-native,,,http://sweetgum.nybg.org/science/vh/specimen_details.php?irn=3158966,,,6.9,2,0,19,3,23,0,0,21,1,0
0b18f900-2622-4ea3-bfce-a9c693132e47,NY,PreservedSpecimen,2851467,H. E. Ahles,47/40,1944,5,11,North America,United States of America,New York,Bronx Co.,"New York Botanical Garden, Arboretum",,,"Georeferencing Quick Reference Guide, Version 2012",,Plantae,Magnoliophyta,,Rosales,Rosaceae,Prunus,serrulata,,Prunus serrulata,Non-native,,,http://sweetgum.nybg.org/science/vh/specimen_details.php?irn=3159006,http://sweetgum.nybg.org/images3/2388/313/02851467.jpg,,0.9,2,0,1,0,0,0,0,6,0,0
3459d0b1-b6dd-412a-9707-33b60edcc905,NY,PreservedSpecimen,2851466,J. Hartling,45846,1920,,,North America,United States of America,New York,Bronx Co.,"New York Botanical Garden, Arboretum",,,"Georeferencing Quick Reference Guide, Version 2012",,Plantae,Magnoliophyta,,Rosales,Rosaceae,Prunus,serrulata,,Prunus serrulata,Non-native,,,http://sweetgum.nybg.org/science/vh/specimen_details.php?irn=3159005,http://sweetgum.nybg.org/images3/2388/312/02851466.jpg,,5,4,3,2,5,11,,,,,
351c0f2d-d066-4b2d-8243-881c66f83264,NY,PreservedSpecimen,1482742,P. Wilson,s.n.,,,,North America,United States of America,New York,Queens Co.,,40.6989,-73.7887,"Georeferencing Quick Reference Guide, Version 2012",2361.57,Plantae,Magnoliophyta,,Fagales,Fagaceae,Quercus,alba,,Quercus alba,Native,,,http://sweetgum.nybg.org/science/vh/specimen_details.php?irn=1719937,http://sweetgum.nybg.org/images3/526/367/01482742.jpg,,2,0,1,0,1,4,6,,,,
0f6132f0-3e4e-4bdb-90df-921c136b149c,NY,PreservedSpecimen,1482748,J. von Schrenk,s.n.,,,,North America,United States of America,New York,Queens Co.,Long Island,40.7494,-73.9023,"Georeferencing Quick Reference Guide, Version 2012",1251.57,Plantae,Magnoliophyta,,Fagales,Fagaceae,Quercus,alba,,Quercus alba,Native,,,http://sweetgum.nybg.org/science/vh/specimen_details.php?irn=1719950,http://sweetgum.nybg.org/images3/526/373/01482748.jpg,,8.333333333,12,8,17,5,7,1,,,,
e0c0ad83-bc59-49b2-b4a1-0692a78e0922,NY,PreservedSpecimen,1483025,M. H. Nee,56463,2009,8,23,North America,United States of America,New York,Bronx Co.,Bronx. The New York Botanical Garden. Native deciduous forest near base of slope along E side of Bronx River downstream from the bridge near Kazimiroff Drive,40.8656,-73.875,,,Plantae,Magnoliophyta,,Fagales,Fagaceae,Quercus,alba,,Quercus alba,Native,M. H. Nee,2009,http://sweetgum.nybg.org/science/vh/specimen_details.php?irn=1721051,http://sweetgum.nybg.org/images3/547/376/01483025.jpg,,1.6,0,2,4,0,1,5,1,0,1,2
a03d0e69-df82-4b3e-89cb-cbc985457bd9,NY,PreservedSpecimen,1482722,M. H. Nee,37824,1989,10,24,North America,United States of America,New York,Bronx Co.,"in the New York Botanical Garden, near the Rock Garden",40.8568,-73.8754,GEOLocate Web Application,2289,Plantae,Magnoliophyta,,Fagales,Fagaceae,Quercus,alba,,Quercus alba,Native,M. H. Nee,1989,http://sweetgum.nybg.org/science/vh/specimen_details.php?irn=1719894,http://sweetgum.nybg.org/images3/526/347/01482722.jpg,,8.222222222,6,5,6,7,3,4,0,0,43,
6cade477-a4d6-42d7-bd01-b6feddd9c091,NY,PreservedSpecimen,1482761,G. V. Nash,585,1896,10,7,North America,United States of America,New York,Bronx Co.,Bronx Park.,40.8565,-73.8771,"Georeferencing Quick Reference Guide, Version 2012",1771.57,Plantae,Magnoliophyta,,Fagales,Fagaceae,Quercus,alba,,Quercus alba,Native,D. E. Atha,2014,http://sweetgum.nybg.org/science/vh/specimen_details.php?irn=1719965,,,8.7,4,1,9,1,0,7,4,2,56,3
b27538c2-da8e-4b4f-8217-0790d0bd24e3,NY,PreservedSpecimen,1482724,G. V. Nash,69,1896,5,11,North America,United States of America,New York,Bronx Co.,Bronx Park,40.8565,-73.8771,"Georeferencing Quick Reference Guide, Version 2012",1771.57,Plantae,Magnoliophyta,,Fagales,Fagaceae,Quercus,alba,,Quercus alba,Native,P. M. Thomson,1978,http://sweetgum.nybg.org/science/vh/specimen_details.php?irn=1719898,,,10.4,11,2,20,3,16,,,,,
1407cc64-8ce9-44e1-865c-fb74dcd3067d,NY,PreservedSpecimen,1482744,G. V. Nash,69,1896,5,5,North America,United States of America,New York,Bronx Co.,Bronx Park,40.8565,-73.8771,"Georeferencing Quick Reference Guide, Version 2012",1771.57,Plantae,Magnoliophyta,,Fagales,Fagaceae,Quercus,alba,,Quercus alba,Native,P. M. Thomson,1978,http://sweetgum.nybg.org/science/vh/specimen_details.php?irn=1719941,,,7,0,0,1,13,0,6,9,41,0,0
52ba8e1c-55b2-4d10-98c9-4dcbc24073c2,NY,PreservedSpecimen,1087277,D. E. Atha,6802,2008,9,23,North America,United States of America,New York,Bronx Co.,"The New York Botanical Garden, ca 320 m (by air) west of the Bronx River and ca 350-365 m (by air) north of Fordham Road/Pelham Parkway/US 1",40.8601,-73.88,,,Plantae,Magnoliophyta,,Fagales,Fagaceae,Quercus,alba,,Quercus alba,Native,D. E. Atha,2008,http://sweetgum.nybg.org/science/vh/specimen_details.php?irn=1199547,,,1.2,0,1,1,1,8,1,0,0,0,0
a0e832ea-b097-4084-9db4-4ee2f402bcdc,NY,PreservedSpecimen,1088228,D. E. Atha,7028,2009,4,30,North America,United States of America,New York,Bronx Co.,"Grounds of The New York Botanical Garden, forest, W of the Bronx River and S of northern perimeter road",40.8655,-73.8803,,,Plantae,Magnoliophyta,,Fagales,Fagaceae,Quercus,alba,,Quercus alba,Native,D. E. Atha,2009,http://sweetgum.nybg.org/science/vh/specimen_details.php?irn=1238666,http://sweetgum.nybg.org/images3/524/037/01088228.jpg,,1,0,0,0,0,6,0,0,3,0,1
38de0406-8efc-48dd-9422-0f0681bbfc0d,NY,PreservedSpecimen,1482734,P. Wilson,s.n.,1900,9,25,North America,United States of America,New York,Bronx Co.,Bronx Park,40.8565,-73.8771,"Georeferencing Quick Reference Guide, Version 2012",1771.57,Plantae,Magnoliophyta,,Fagales,Fagaceae,Quercus,alba,,Quercus alba,Native,P. M. Thomson,1978,http://sweetgum.nybg.org/science/vh/specimen_details.php?irn=1719919,http://sweetgum.nybg.org/images3/526/359/01482734.jpg,,2.666666667,0,3,7,0,2,4,,,,
e2fdbdc9-6a6e-4c2d-8ed8-bfb6df2ded0e,NY,PreservedSpecimen,1483533,H. N. Moldenke,8663,1935,7,23,North America,United States of America,New York,New York Co.,New York City,,,,,Plantae,Magnoliophyta,,Fagales,Fagaceae,Quercus,cerris,,Quercus cerris,Non-native,,,http://sweetgum.nybg.org/science/vh/specimen_details.php?irn=1721985,,,0,0,0,0,0,0,0,0,0,0,0
52e2e26e-5846-4834-be25-cf7f5bbffa57,NY,PreservedSpecimen,1483536,H. N. Moldenke,8663,1935,7,23,North America,United States of America,New York,New York Co.,New York City,,,,,Plantae,Magnoliophyta,,Fagales,Fagaceae,Quercus,cerris,,Quercus cerris,Non-native,,,http://sweetgum.nybg.org/science/vh/specimen_details.php?irn=1721988,,,0,0,0,0,0,0,0,0,0,0,0
6da47b84-e220-4e84-aeec-95abc5290d3d,NY,PreservedSpecimen,2332779,D. E. Atha,14179,2013,10,15,North America,United States of America,New York,New York Co.,"Central Park, Ramble, at NOAA weather station, between 78th St and 79th St and between 6th and 7th Avenues",40.779,-73.9692,GPS,50,Plantae,Magnoliophyta,,Fagales,Fagaceae,Quercus,cerris,,Quercus cerris,Non-native,D. E. Atha,2013,http://sweetgum.nybg.org/science/vh/specimen_details.php?irn=2400883,,,5.111111111,3,6,2,7,15,4,7,1,1,
7d271829-8f9a-4156-83f7-e39994623144,NY,PreservedSpecimen,2332713,D. E. Atha,14213,2013,11,14,North America,United States of America,New York,New York Co.,"Central Park, Shakespeare and Delacorte, west of Belvedere Castle and E of Shakespeare Garden, slope on north side of 79th St transverse",40.7795,-73.9695,GPS,50,Plantae,Magnoliophyta,,Fagales,Fagaceae,Quercus,cerris,,Quercus cerris,Non-native,D. E. Atha,2013,http://sweetgum.nybg.org/science/vh/specimen_details.php?irn=2405853,,,8.9,6,4,5,4,12,14,7,6,9,22
517fe97a-356a-42e4-94ec-0db966784567,NY,PreservedSpecimen,2688621,D. E. Atha,15621,2016,6,22,North America,United States of America,New York,New York Co.,"Central Park. Sheep Meadow, northern edge. Between 70th and 71st Streets and between 6th and 7th Avenues",40.7742,-73.9739,GPS,,Plantae,Magnoliophyta,,Fagales,Fagaceae,Quercus,cerris,,Quercus cerris,Non-native,D. E. Atha,2016,http://sweetgum.nybg.org/science/vh/specimen_details.php?irn=2978888,,,6.555555556,0,38,0,13,3,0,4,0,1,0
0062819b-3acd-4fc0-8847-a2b3b1159a74,NY,PreservedSpecimen,2696581,D. E. Atha,15781,2016,9,7,North America,United States of America,New York,New York Co.,"Central Park. Reservoir, southeast corner, along Bridle Path. Between 86th and 87th Streets and between 5th and 6th Avenues",40.7819,-73.9608,GPS,,Plantae,Magnoliophyta,,Fagales,Fagaceae,Quercus,cerris,,Quercus cerris,Non-native,D. E. Atha,2016,http://sweetgum.nybg.org/science/vh/specimen_details.php?irn=2995576,,,2.2,0,4,0,0,0,6,2,7,3,0
ee7d4fb6-f133-47af-b034-e34174e28546,NY,PreservedSpecimen,1483527,M. H. Nee,43872,1993,9,10,North America,United States of America,New York,Bronx Co.,on the grounds of the New York Botanical Garden,40.8623,-73.877,GEOLocate Web Application,751,Plantae,Magnoliophyta,,Fagales,Fagaceae,Quercus,cerris,,Quercus cerris,Non-native,,,http://sweetgum.nybg.org/science/vh/specimen_details.php?irn=1721978,http://sweetgum.nybg.org/images3/547/878/01483527.jpg,,1.1,0,0,0,0,0,3,2,2,4,0
a0754b08-fbd1-4d8a-a13b-0ee4e98a3dc7,NY,PreservedSpecimen,1483528,G. V. Nash,2568,,,,North America,United States of America,New York,Bronx Co.,"New York Botanical Garden, Arboretum",,,"Georeferencing Quick Reference Guide, Version 2012",,Plantae,Magnoliophyta,,Fagales,Fagaceae,Quercus,cerris,,Quercus cerris,Non-native,,,http://sweetgum.nybg.org/science/vh/specimen_details.php?irn=1721980,,,2.222222222,5,4,8,1,1,1,0,0,0,
4dd48b96-4284-4ddf-b215-6b7bd7d4b7e2,NY,PreservedSpecimen,1483539,G. V. Nash,s.n.,1903,9,,North America,United States of America,New York,Bronx Co.,"New York Botanical Garden, Arb.",,,"Georeferencing Quick Reference Guide, Version 2012",,Plantae,Magnoliophyta,,Fagales,Fagaceae,Quercus,cerris,,Quercus cerris,Non-native,,,http://sweetgum.nybg.org/science/vh/specimen_details.php?irn=1721991,,,2,0,4,1,1,3,6,3,1,0,1
7e8d834d-1265-4be4-9f82-c8933e0c55e3,NY,PreservedSpecimen,1483540,W. N. Clute,s.n.,1898,10,4,North America,United States of America,New York,Bronx Co.,"New York Botanical Garden, West Nursery",,,,,Plantae,Magnoliophyta,,Fagales,Fagaceae,Quercus,cerris,,Quercus cerris,Non-native,,,http://sweetgum.nybg.org/science/vh/specimen_details.php?irn=1721992,http://sweetgum.nybg.org/images3/547/891/01483540.jpg,,1.375,0,3,0,7,1,0,0,0,,
6091e49f-9214-417a-b1f9-63dc71fefb8e,NY,PreservedSpecimen,2556867,E. P. Bicknell,5743,1890,7,5,North America,United States of America,New York,New York Co.,"E of B'way at Inwood, Manhattan Island",40.7903,-73.9597,GEOLocate Web Application,5421,Plantae,Magnoliophyta,,Malvales,Malvaceae,Tilia,americana,,Tilia americana,Native,,,http://sweetgum.nybg.org/science/vh/specimen_details.php?irn=2799307,,,3.555555556,0,6,1,0,5,11,7,1,1,
ee888908-801a-4cd7-93e5-e141e345c3b5,NY,PreservedSpecimen,2556873,G. T. Hastings,s.n.,1936,8,22,North America,United States of America,New York,New York Co.,Morningside Park,40.8065,-73.9582,GEOLocate Web Application,667,Plantae,Magnoliophyta,,Malvales,Malvaceae,Tilia,americana,,Tilia americana,Native,,,http://sweetgum.nybg.org/science/vh/specimen_details.php?irn=2799313,http://sweetgum.nybg.org/images3/1978/034/02556873.jpg,,7.5,2,0,8,18,14,3,,,,
55916f16-94ae-4168-ab39-435e6ca54c3a,NY,PreservedSpecimen,2556852,M. H. Nee,56410,2009,6,22,North America,United States of America,New York,Bronx Co.,"at parking lot, Metro North railroad station on Kazimiroff Drive, opposite entrance to the New York Botanical Garden",40.8672,-73.8806,,,Plantae,Magnoliophyta,,Malvales,Malvaceae,Tilia,americana,,Tilia americana,Native,,,http://sweetgum.nybg.org/science/vh/specimen_details.php?irn=2799292,http://sweetgum.nybg.org/images3/1978/013/02556852.jpg,,6,2,6,14,17,3,0,3,10,3,2
dea0e539-7f1a-4d5b-8c40-0fdbedeb9b31,NY,PreservedSpecimen,2556855,M. H. Nee,56497,2009,9,20,North America,United States of America,New York,Bronx Co.,"corner of Mosholu Parkway and Kazimiroff Drive, between New York Botanical Garden and Metro North railroad tracks",40.8678,-73.8797,,,Plantae,Magnoliophyta,,Malvales,Malvaceae,Tilia,americana,,Tilia americana,Native,,,http://sweetgum.nybg.org/science/vh/specimen_details.php?irn=2799295,http://sweetgum.nybg.org/images3/1978/016/02556855.jpg,,2.4,0,4,0,2,7,3,6,2,0,0
108bd0ac-65c0-4aca-9be4-217a89f4d8ea,NY,PreservedSpecimen,2556849,G. V. Nash,2680,,,,North America,United States of America,New York,Bronx Co.,"Arboretum, New York Botanical Garden",,,"Georeferencing Quick Reference Guide, Version 2012",,Plantae,Magnoliophyta,,Malvales,Malvaceae,Tilia,americana,,Tilia americana,Native,,,http://sweetgum.nybg.org/science/vh/specimen_details.php?irn=2799289,,,19.1,1,13,2,6,0,21,48,61,7,32
89113934-4692-4324-9dd3-7a769c3eef17,NY,PreservedSpecimen,2377788,R. I. Vargas,37,1998,6,2,North America,United States of America,New York,Bronx Co.,On eastside of Moshulu Park on Moshulu Parkway,40.8706,-73.8811,,,Plantae,Magnoliophyta,,Malvales,Malvaceae,Tilia,americana,,Tilia americana,Native,L. Raz; R. Vargas,1998,http://sweetgum.nybg.org/science/vh/specimen_details.php?irn=599011,http://sweetgum.nybg.org/images3/4249/632/02377788.jpg,GALLS,1.25,0,0,0,5,0,1,2,2,,
46b3cf8b-19d1-454b-91a1-beb078a95d60,NY,PreservedSpecimen,2332781,D. E. Atha,14183,2013,10,15,North America,United States of America,New York,New York Co.,"Central Park, Ramble, between 78th St and 79th St between 6th and 7th Avenues",40.7784,-73.9684,GPS,50,Plantae,Magnoliophyta,,Malvales,Malvaceae,Tilia,americana,,Tilia americana,Native,D. E. Atha,2013,http://sweetgum.nybg.org/science/vh/specimen_details.php?irn=2400888,,,4.833333333,2,7,3,12,5,1,1,,,
9118212b-31a3-4914-8be0-c9fbaaafa140,NY,PreservedSpecimen,2556853,M. H. Nee,56409,2009,6,22,North America,United States of America,New York,Bronx Co.,"along Mosholu Parkway South and park, near Marion Ave.",40.8703,-73.8817,,,Plantae,Magnoliophyta,,Malvales,Malvaceae,Tilia,americana,,Tilia americana,Native,,,http://sweetgum.nybg.org/science/vh/specimen_details.php?irn=2799293,http://sweetgum.nybg.org/images3/1978/014/02556853.jpg,GALLS,0.111111111,1,0,0,1,0,0,0,0,0,0
c2be5c45-2985-4685-8d2a-f6100326907d,NY,PreservedSpecimen,1116530,D. E. Atha,7654,2009,6,30,North America,United States of America,New York,Bronx Co.,"Grounds of The New York Botanical Garden, W of the Bronx River and S of Waring Ave",40.8599,-73.8768,,,Plantae,Magnoliophyta,,Malvales,Malvaceae,Tilia,americana,,Tilia americana,Native,D. E. Atha,2009,http://sweetgum.nybg.org/science/vh/specimen_details.php?irn=1254935,http://sweetgum.nybg.org/images3/4249/454/01116530.jpg,,1.4,0,0,2,5,0,,,,,
65af35af-f76f-4bae-9d13-eeff9c065241,NY,PreservedSpecimen,2377790,S. L. Clarke,s.n.,1891,6,,North America,United States of America,New York,Bronx Co.,Van Cortlandt Park,40.8979,-73.8835,GEOLocate Web Application,1924,Plantae,Magnoliophyta,,Malvales,Malvaceae,Tilia,americana,,Tilia americana,Native,F. B. Buser,1954,http://sweetgum.nybg.org/science/vh/specimen_details.php?irn=2627574,http://sweetgum.nybg.org/images3/4249/634/02377790.jpg,,1.142857143,0,0,1,4,3,0,0,,,
0b80ba5d-3bc3-4322-aa05-bcd5536bb454,NY,PreservedSpecimen,2557172,G. T. Hastings,s.n.,1936,8,22,North America,United States of America,New York,,Riverside Drive near 99th st.,,,,,Plantae,Magnoliophyta,,Malvales,Malvaceae,Tilia,cordata,,Tilia cordata,Non-native,,,http://sweetgum.nybg.org/science/vh/specimen_details.php?irn=2799630,,,0.8,0,8,0,0,0,0,0,0,0,0
d228e232-e771-473b-a283-8d7f06f9471e,NY,PreservedSpecimen,2557209,J. Hartling,42286,,,,North America,United States of America,New York,Bronx Co.,"Arboretum, New York Botanical Garden",,,"Georeferencing Quick Reference Guide, Version 2012",,Plantae,Magnoliophyta,,Malvales,Malvaceae,Tilia,cordata,,Tilia cordata,Non-native,,,http://sweetgum.nybg.org/science/vh/specimen_details.php?irn=2799671,,,0.7,0,2,0,0,0,0,0,0,5,0
7e653820-cdd6-4555-9ace-ccac3cc0f067,NY,PreservedSpecimen,2549584,D. E. Atha,15084,2015,5,20,North America,United States of America,New York,New York Co.,Central Park. Ramble. Between 77th and 78th Streets and between 6th and 7th Avenues,40.7788,-73.9704,GPS,,Plantae,Magnoliophyta,,Malvales,Malvaceae,Tilia,cordata,,Tilia cordata,Non-native,D. E. Atha,2016,http://sweetgum.nybg.org/science/vh/specimen_details.php?irn=2913741,,,0,0,0,0,0,0,0,0,0,0,0
42654a65-98c1-4a5f-a32d-ed51b02b18b3,NY,PreservedSpecimen,2549729,J. Aloian,16,2015,6,14,North America,United States of America,New York,Bronx Co.,"Grounds of the New York Botanical Garden, Near circular fountain by the Visitor Center",40.8578,-73.8817,,,Plantae,Magnoliophyta,,Malvales,Malvaceae,Tilia,cordata,,Tilia cordata,Non-native,,,http://sweetgum.nybg.org/science/vh/specimen_details.php?irn=2939032,,,2.4,0,0,0,7,0,16,1,0,0,0
09674aa5-2a3f-49cd-a837-72031c468605,NY,PreservedSpecimen,2549728,J. Aloian,16,2015,6,14,North America,United States of America,New York,Bronx Co.,"Grounds of the New York Botanical Garden, Near circular fountain by the Visitor Center",40.8578,-73.8817,,,Plantae,Magnoliophyta,,Malvales,Malvaceae,Tilia,cordata,,Tilia cordata,Non-native,,,http://sweetgum.nybg.org/science/vh/specimen_details.php?irn=2949282,,,1.111111111,0,1,0,0,0,2,4,0,3,
f7e182d7-a5c1-46be-9c91-c18cf732d6b3,NY,PreservedSpecimen,2557182,M. H. Nee,56411,2009,6,22,North America,United States of America,New York,Bronx Co.,"at Metro North railroad station on Kazimiroff Drive, in park opposite entrance to New York Botanical Garden",40.8672,-73.8806,,,Plantae,Magnoliophyta,,Malvales,Malvaceae,Tilia,cordata,,Tilia cordata,Non-native,,,http://sweetgum.nybg.org/science/vh/specimen_details.php?irn=2799643,http://sweetgum.nybg.org/images3/1978/331/02557182.jpg,GALLS,0.1,0,0,0,1,0,0,0,0,0,0
ed5a05e2-e56c-40ec-9c3f-3bf841ba2300,NY,PreservedSpecimen,2557183,M. H. Nee,56412,2009,6,22,North America,United States of America,New York,Bronx Co.,"Botanical Garden, between the main building and Kazimiroff Drive and end of Mosholu Parkway",40.8672,-73.8794,,,Plantae,Magnoliophyta,,Malvales,Malvaceae,Tilia,cordata,,Tilia cordata,Non-native,,,http://sweetgum.nybg.org/science/vh/specimen_details.php?irn=2799644,http://sweetgum.nybg.org/images3/1978/332/02557183.jpg,,0,0,0,0,0,0,0,0,0,0,0
def6a38c-04f7-4036-b1f9-a00641c5e170,NY,PreservedSpecimen,2557184,M. H. Nee,56441,2009,8,4,North America,United States of America,New York,Bronx Co.,campus of Lehman College,40.8739,-73.8922,,,Plantae,Magnoliophyta,,Malvales,Malvaceae,Tilia,cordata,,Tilia cordata,Non-native,,,http://sweetgum.nybg.org/science/vh/specimen_details.php?irn=2799645,http://sweetgum.nybg.org/images3/1978/333/02557184.jpg,GALLS I think,0.2,0,0,1,1,0,0,0,0,0,0
1cea9b14-f365-4b4a-8c93-b25a0cd53607,NY,PreservedSpecimen,2557211,G. V. Nash,2679,,,,North America,United States of America,New York,Bronx Co.,"Arboretum, New York Botanical Garden",,,"Georeferencing Quick Reference Guide, Version 2012",,Plantae,Magnoliophyta,,Malvales,Malvaceae,Tilia,cordata,,Tilia cordata,Non-native,,,http://sweetgum.nybg.org/science/vh/specimen_details.php?irn=2799673,,,3.7,0,0,0,3,14,11,0,8,0,1
802a9fa4-321e-4c9b-a4dd-e738e88951d3,NY,PreservedSpecimen,2557212,G. V. Nash,1884,,,,North America,United States of America,New York,Bronx Co.,"Arboretum, New York Botanical Garden",,,"Georeferencing Quick Reference Guide, Version 2012",,Plantae,Magnoliophyta,,Malvales,Malvaceae,Tilia,cordata,,Tilia cordata,Non-native,,,http://sweetgum.nybg.org/science/vh/specimen_details.php?irn=2799674,,,5.8,24,0,2,17,7,5,0,1,1,1
297f83ab-1919-4859-aeb1-8725cbd3cb30,NY,PreservedSpecimen,2487627,J. Hartling,33099,,,,North America,United States of America,New York,Bronx Co.,"Arboretum, New York Botanical Garden",,,"Georeferencing Quick Reference Guide, Version 2012",,Plantae,Magnoliophyta,,Sapindales,Sapindaceae,Acer,platanoides,,Acer platanoides,Non-native,,,http://sweetgum.nybg.org/science/vh/specimen_details.php?irn=2704932,http://sweetgum.nybg.org/images3/1743/430/02487627.jpg,,0.555555556,0,0,2,0,0,0,0,2,1,
1e395bad-46ff-43ba-af02-1251f711b511,NY,PreservedSpecimen,2487619,T. J. Delendick,76.854,1976,6,2,North America,United States of America,New York,Bronx Co.,,40.85,-73.8662,GEOLocate Web Application,3036,Plantae,Magnoliophyta,,Sapindales,Sapindaceae,Acer,platanoides,,Acer platanoides,Non-native,,,http://sweetgum.nybg.org/science/vh/specimen_details.php?irn=2704924,http://sweetgum.nybg.org/images3/1743/422/02487619.jpg,,1,0,2,,,,,,,,
6294f6f5-d6a1-434c-b3b1-627e55c5fa35,NY,PreservedSpecimen,2487651,T. J. Delendick,76.835,1976,5,31,North America,United States of America,New York,Bronx Co.,,40.85,-73.8662,GEOLocate Web Application,3036,Plantae,Magnoliophyta,,Sapindales,Sapindaceae,Acer,platanoides,,Acer platanoides,Non-native,,,http://sweetgum.nybg.org/science/vh/specimen_details.php?irn=2704956,http://sweetgum.nybg.org/images3/1743/454/02487651.jpg,,1.5,2,1,,,,,,,,
e91d4422-a8a7-43e3-bb9f-92f4f11bfcb3,NY,PreservedSpecimen,2487522,T. J. Delendick,1080 & 1080A,1973,11,10,North America,United States of America,New York,Bronx Co.,along Mosholu Parkway,40.85,-73.8662,GEOLocate Web Application,3036,Plantae,Magnoliophyta,,Sapindales,Sapindaceae,Acer,platanoides,,Acer platanoides,Non-native,,,http://sweetgum.nybg.org/science/vh/specimen_details.php?irn=2704827,http://sweetgum.nybg.org/images3/1743/342/02487522.jpg,,0.666666667,1,1,0,,,,,,,
cb391417-30ff-4d57-a643-b50cc023fb65,NY,PreservedSpecimen,2450092,D. E. Atha,14492,2014,6,3,North America,United States of America,New York,New York Co.,"Central Park, Mount, Compost Area. Between 104th and 105th Sts and between 5th and 6th Aves",40.794,-73.9543,GPS,25,Plantae,Magnoliophyta,,Sapindales,Sapindaceae,Acer,platanoides,,Acer platanoides,Non-native,D. E. Atha,2015,http://sweetgum.nybg.org/science/vh/specimen_details.php?irn=2643316,http://sweetgum.nybg.org/images3/1648/846/02450092.jpg,,0.375,1,0,0,0,0,0,0,2,,
eb9fcfb9-ec2b-4887-b13a-7dfc64b8c5f2,NY,PreservedSpecimen,2487621,T. J. Delendick,76.854,1976,6,2,North America,United States of America,New York,Bronx Co.,,40.85,-73.8662,GEOLocate Web Application,3036,Plantae,Magnoliophyta,,Sapindales,Sapindaceae,Acer,platanoides,,Acer platanoides,Non-native,,,http://sweetgum.nybg.org/science/vh/specimen_details.php?irn=2704926,http://sweetgum.nybg.org/images3/1743/424/02487621.jpg,,0,0,0,0,,,,,,,
76372032-01b3-464b-ab5e-1f6bfc913193,NY,PreservedSpecimen,2487625,T. J. Delendick,76.854,1976,6,2,North America,United States of America,New York,Bronx Co.,,40.85,-73.8662,GEOLocate Web Application,3036,Plantae,Magnoliophyta,,Sapindales,Sapindaceae,Acer,platanoides,,Acer platanoides,Non-native,,,http://sweetgum.nybg.org/science/vh/specimen_details.php?irn=2704930,http://sweetgum.nybg.org/images3/1743/428/02487625.jpg,,0,0,0,0,,,,,,,
16a9a131-69bd-4ed8-94a3-8174640abf68,NY,PreservedSpecimen,2487605,T. J. Delendick,"761,515",1976,10,16,North America,United States of America,New York,Bronx Co.,,40.85,-73.8662,GEOLocate Web Application,3036,Plantae,Magnoliophyta,,Sapindales,Sapindaceae,Acer,platanoides,,Acer platanoides,Non-native,,,http://sweetgum.nybg.org/science/vh/specimen_details.php?irn=2704910,http://sweetgum.nybg.org/images3/1813/695/02487605.jpg,,3.714285714,0,0,0,21,5,0,0,,,
20e7ae40-1415-4f5f-b123-9e04b4c3537d,NY,PreservedSpecimen,2487599,G. V. Nash,1944,,,,North America,United States of America,New York,,The New York Botanical Garden Nursery,,,,,Plantae,Magnoliophyta,,Sapindales,Sapindaceae,Acer,platanoides,,Acer platanoides,Non-native,,,http://sweetgum.nybg.org/science/vh/specimen_details.php?irn=2704904,,,4.333333333,0,0,1,2,20,3,,,,
41249b0b-0380-400f-8543-5125fb3e316f,NY,PreservedSpecimen,2487649,T. J. Delendick,76.835,1976,5,31,North America,United States of America,New York,Bronx Co.,Corner of Mosholu Pkway. and Southern Blvd.,40.85,-73.8662,GEOLocate Web Application,3036,Plantae,Magnoliophyta,,Sapindales,Sapindaceae,Acer,platanoides,,Acer platanoides,Non-native,,,http://sweetgum.nybg.org/science/vh/specimen_details.php?irn=2704954,http://sweetgum.nybg.org/images3/1743/452/02487649.jpg,,1,4,0,1,0,0,,,,,
490999a9-266f-4c7e-8f12-e1c37be34f6b,NY,PreservedSpecimen,2487985,J. Hartling,46136,,,,North America,United States of America,New York,,New York Botanical Garden Arboretum,,,,,Plantae,Magnoliophyta,,Sapindales,Sapindaceae,Acer,rubrum,,Acer rubrum,Native,,,http://sweetgum.nybg.org/science/vh/specimen_details.php?irn=2707129,http://sweetgum.nybg.org/images3/1813/923/02487985.jpg,,3.666666667,0,14,5,0,0,3,11,0,0,
c3084897-1dd2-4652-b3de-42a8deb2f3fe,NY,PreservedSpecimen,2488340,W. C. Ferguson,1834,1922,9,14,North America,United States of America,New York,Queens Co.,Long Island,40.7494,-73.9023,"Georeferencing Quick Reference Guide, Version 2012",1251.57,Plantae,Magnoliophyta,,Sapindales,Sapindaceae,Acer,rubrum,,Acer rubrum,Native,,,http://sweetgum.nybg.org/science/vh/specimen_details.php?irn=2707716,http://sweetgum.nybg.org/images3/1763/150/02488340.jpg,,0.6,1,0,1,1,0,3,0,0,0,0
73d60080-86fe-4d08-bede-f01bc9b5f886,NY,PreservedSpecimen,2487892,T. J. Delendick,"78,212",1978,5,21,North America,United States of America,New York,Bronx Co.,"N of The New York Botanical Garden, along Bronx River",40.8568,-73.8754,GEOLocate Web Application,2289,Plantae,Magnoliophyta,,Sapindales,Sapindaceae,Acer,rubrum,,Acer rubrum,Native,,,http://sweetgum.nybg.org/science/vh/specimen_details.php?irn=2706990,http://sweetgum.nybg.org/images3/1813/830/02487892.jpg,,0.833333333,4,0,0,0,1,0,,,,
fd3a4fb5-19f7-4e6d-a2cc-3a89c277f4dc,NY,PreservedSpecimen,2377732,C. C. Curtis,s.n.,1902,5,10,North America,United States of America,New York,Bronx Co.,Bronx Park,40.861,-73.8768,,,Plantae,Magnoliophyta,,Sapindales,Sapindaceae,Acer,rubrum,,Acer rubrum,Native,D. E. Atha,2015,http://sweetgum.nybg.org/science/vh/specimen_details.php?irn=2618191,http://sweetgum.nybg.org/images3/4255/909/02377732.jpg,,11.4,5,2,3,45,2,,,,,
d4c6025e-a456-4939-b984-c7b937610a46,NY,PreservedSpecimen,2488345,K. R. Boynton,s.n.,,,,North America,United States of America,New York,Bronx Co.,Wild. N.Y.B.G.,40.8623,-73.877,GEOLocate Web Application,751,Plantae,Magnoliophyta,,Sapindales,Sapindaceae,Acer,rubrum,,Acer rubrum,Native,,,http://sweetgum.nybg.org/science/vh/specimen_details.php?irn=2707721,http://sweetgum.nybg.org/images3/1763/155/02488345.jpg,,1.2,4,0,0,0,2,,,,,
526c52ac-2b5f-4bd4-b052-110accc760c8,NY,PreservedSpecimen,2488008,Collector unspecified,s.n.,1912,9,25,North America,United States of America,New York,,"Tree E of Museum Building, NYBG",,,Georeferencing Quick Reference Guide (Zermoglio et,,Plantae,Magnoliophyta,,Sapindales,Sapindaceae,Acer,rubrum,,Acer rubrum,Native,,,http://sweetgum.nybg.org/science/vh/specimen_details.php?irn=2707153,http://sweetgum.nybg.org/images3/1813/946/02488008.jpg,,1.625,3,1,4,2,0,0,2,1,,
6478ac6f-cc00-43d1-9b04-4377230686d9,NY,PreservedSpecimen,2487986,G. V. Nash,2816,,,,North America,United States of America,New York,,New York Botanical Garden Nursery,,,,,Plantae,Magnoliophyta,,Sapindales,Sapindaceae,Acer,rubrum,,Acer rubrum,Native,,,http://sweetgum.nybg.org/science/vh/specimen_details.php?irn=2707130,,,7.1,23,3,2,0,0,0,0,0,4,39
6556198b-3c8e-401e-b3ee-2efaf10681e2,NY,PreservedSpecimen,2236141,D. E. Atha,14141,2013,10,3,North America,United States of America,New York,New York Co.,"Central Park, Hallett Nature Sanctuary, between 61st and 62nd Sts and between 5th and 6th Avenues",40.7662,-73.9748,,,Plantae,Magnoliophyta,,Sapindales,Sapindaceae,Acer,rubrum,,Acer rubrum,Native,D. E. Atha,2013,http://sweetgum.nybg.org/science/vh/specimen_details.php?irn=2391952,http://sweetgum.nybg.org/images3/1307/339/02236141.jpg,,5.5,8,0,0,3,15,5,2,4,18,0
4bdfdc77-5edb-40e7-b7d4-ba8d9c38a943,NY,PreservedSpecimen,2377731,H. N. Moldenke,s.n.,1939,6,16,North America,United States of America,New York,Bronx Co.,Bronx Park. The New York Botanical Garden. In native woods,40.8568,-73.8754,GEOLocate Web Application,2289,Plantae,Magnoliophyta,,Sapindales,Sapindaceae,Acer,rubrum,,Acer rubrum,Native,D. E. Atha,2015,http://sweetgum.nybg.org/science/vh/specimen_details.php?irn=2618190,http://sweetgum.nybg.org/images3/4257/325/02377731.jpg,,0.9,1,3,0,0,0,2,0,3,0,0
5f1b6843-aa3c-497b-94ac-e08ec421cae7,NY,PreservedSpecimen,2377728,T. J. Delendick,1097 & 1097A,1973,11,13,North America,United States of America,New York,Bronx Co.,at The New York Botanical Garden,40.8568,-73.8754,GEOLocate Web Application,2289,Plantae,Magnoliophyta,,Sapindales,Sapindaceae,Acer,rubrum,,Acer rubrum,Native,D. E. Atha,2015,http://sweetgum.nybg.org/science/vh/specimen_details.php?irn=2618175,http://sweetgum.nybg.org/images3/4257/563/02377728.jpg,,5.857142857,3,1,4,0,5,1,27,,,